text,question,start_span,end_span,input_ids,attention_mask,start_positions,end_positions
"Hi, I'm here to help.",hello kia,4,20,"tensor([  101, 19082,   180,  1465,  8790,   117,   146,   112,   182,  1303,
         1106,  1494,   119,   102])","tensor([1, 1, 1, 1, 1, 1, 1, 1, 1, 1, 1, 1, 1, 1])",4,20
"Hi, I'm here to help.",hi,4,20,"tensor([  101, 20844,  8790,   117,   146,   112,   182,  1303,  1106,  1494,
          119,   102])","tensor([1, 1, 1, 1, 1, 1, 1, 1, 1, 1, 1, 1])",4,20
I'm good,how are you,4,8,"tensor([ 101, 1293, 1132, 1128,  146,  112,  182, 1363,  102])","tensor([1, 1, 1, 1, 1, 1, 1, 1, 1])",4,8
"No, I don't have feelings",do you have feelings?,12,25,"tensor([ 101, 1202, 1128, 1138, 4681,  136, 1302,  117,  146, 1274,  112,  189,
        1138, 4681,  102])","tensor([1, 1, 1, 1, 1, 1, 1, 1, 1, 1, 1, 1, 1, 1, 1])",12,25
"Hi, Im the capstone of Angela Santos, Ian Carlo Rivero, Bhryle Emmanuel Tumbaga, Jonrich Bascug",what is the name of your developers,11,36,"tensor([  101,  1184,  1110,  1103,  1271,  1104,  1240, 10300,  8790,   117,
          146,  1306,  1103, 10184,  4793,  1104, 10516, 11064,   117,  3978,
         9503,  1595,  1186,   117,   139,  8167, 12415, 15067, 17037, 10806,
         2571,   117,  5703, 10886, 18757,  1116, 10182,  1403,   102])","tensor([1, 1, 1, 1, 1, 1, 1, 1, 1, 1, 1, 1, 1, 1, 1, 1, 1, 1, 1, 1, 1, 1, 1, 1,
        1, 1, 1, 1, 1, 1, 1, 1, 1, 1, 1, 1, 1, 1, 1])",11,36
I am Kia-bot an Interactive Kiosk Chat Bot for students inquiry System.,whats your name?,28,70,"tensor([  101,  1184,  1116,  1240,  1271,   136,   146,  1821, 14477,  1161,
          118,   171,  3329,  1126, 17353, 14477,  2155,  1377, 24705,  1204,
         9326,  1204,  1111,  1651, 12064,  3910,   119,   102])","tensor([1, 1, 1, 1, 1, 1, 1, 1, 1, 1, 1, 1, 1, 1, 1, 1, 1, 1, 1, 1, 1, 1, 1, 1,
        1, 1, 1, 1])",28,70
"As a response to the advancement in Technology and the growing number of students who want to pursue a career in Computer Science and Information Technology, the Our Lady of Fatima University (OLFU) established the College of Computer Studies (CCS) in 1996. OLFU invested in modern systems & equipment, classrooms, computers, robotic laboratories and instructors to provide the optimum learning experience to its students. The curriculum continuously develops to train students in the fields of system and web development, multimedia, digital design, networking, cyber security, and computing solutions. Today, students of the College of Computer Studies reap the full benefits from OLFU’s world-class learning platforms and resources which are paired with state-of-the-art facilities and laboratories—all delivered by a competent teaching faculty through a masterful mix of learning modalities: online, distance or, when health conditions permit, face-to-face learning. It is also noteworthy that OLFU is one among a few select schools to be granted the Certificate of Authority by the CHEd, allowing it to conduct limited face-to-face classes in the midst of the COVID-19 pandemic;  a testament to the Universitys established and effective community safety protocols. CCS Students will expect two culminating requirements:  the practicum and the thesis/capstone project. The “Practicum” refers to industry-needs-aligned On-the-Job Training exposure, where a wide range of internship partners is made available. This equips the CCS graduates to be ready for the demands of the corporate world. On the other hand, the “Thesis/Capstone Project” will be the application of the underlying concepts and theories learned throughout the curricula of the said degree programs.",what is ccs,0,46,"tensor([  101,  1184,  1110, 14402,  1116,  1249,   170,  2593,  1106,  1103,
        19024,  1107,  3529,  1105,  1103,  2898,  1295,  1104,  1651,  1150,
         1328,  1106,  6799,   170,  1578,  1107,  6701,  2444,  1105,  4219,
         3529,   117,  1103,  3458,  2876,  1104, 13723,  8628,  1239,   113,
          152, 25470,  2591,   114,  1628,  1103,  1531,  1104,  6701,  3829,
          113, 21362,  1708,   114,  1107,  1820,   119,   152, 25470,  2591,
        11285,  1107,  2030,  2344,   111,  3204,   117, 13038,   117,  7565,
          117, 24628, 17296,  1105, 24165,  1106,  2194,  1103, 11769,  3121,
        16268,  3776,  2541,  1106,  1157,  1651,   119,  1109,  9403, 10861,
        11926,  1106,  2669,  1651,  1107,  1103,  3872,  1104,  1449,  1105,
         5127,  1718,   117, 20680,   117,  3539,  1902,   117, 16074,   117,
          172,  1183,  3169,  2699,   117,  1105, 12783,  7995,   119,  3570,
          117,  1651,  1104,  1103,  1531,  1104,  6701,  3829,  1231, 11478,
         1103,  1554,  6245,  1121,   152, 25470,  2591,   787,   188,  1362,
          118,  1705,  3776,  6833,  1105,  3979,  1134,  1132, 13185,  1114,
         1352,   118,  1104,   118,  1103,   118,  1893,  3380,  1105, 17296,
          783,  1155,  4653,  1118,   170, 19555,  3679,  5449,  1194,   170,
         3283,  2365,  5495,  1104,  3776,   182, 16848, 16652,   131,  3294,
          117,  2462,  1137,   117,  1165,  2332,  2975,  9154,   117,  1339,
          118,  1106,   118,  1339,  3776,   119,  1135,  1110,  1145, 22076,
         1115,   152, 25470,  2591,  1110,  1141,  1621,   170,  1374,  8247,
         2126,  1106,  1129,  3609,  1103, 14972,  1104,  5987,  1118,  1103,
        24890,  2036,  1181,   117,  3525,  1122,  1106,  5880,  2609,  1339,
          118,  1106,   118,  1339,  3553,  1107,  1103, 13337,  1104,  1103,
        18732, 23314,  2137,   118,  1627, 13316,  2007,  7257,   132,   170,
         2774, 11462,  1106,  1103,  1239,  1116,  1628,  1105,  3903,  1661,
         3429, 19755,   119, 21362,  1708,  6510,  1209,  5363,  1160, 18174,
         5420,   131,  1103,   185, 19366,  2941,  1818,  1105,  1103,  9593,
          120, 10184,  4793,  1933,   119,  1109,   789,   153, 19366,  2941,
         1818,   790,  4431,  1106,  2380,   118,  2993,   118, 14006,  1212,
          118,  1103,   118, 18235,  5513,  7401,   117,  1187,   170,  2043,
         2079,  1104, 27265,  6449,  1110,  1189,  1907,   119,  1188,   174,
        18276,  3491,  1103, 21362,  1708, 11529,  1106,  1129,  2407,  1111,
         1103,  7252,  1104,  1103,  6214,  1362,   119,  1212,  1103,  1168,
         1289,   117,  1103,   789,  1109,  4863,   120, 17212,  6078,  4042,
          790,  1209,  1129,  1103,  4048,  1104,  1103, 10311,  8550,  1105,
         7997,  3560,  2032,  1103, 16408, 14791, 21608,  1104,  1103,  1163,
         2178,  2648,   119,   102])","tensor([1, 1, 1, 1, 1, 1, 1, 1, 1, 1, 1, 1, 1, 1, 1, 1, 1, 1, 1, 1, 1, 1, 1, 1,
        1, 1, 1, 1, 1, 1, 1, 1, 1, 1, 1, 1, 1, 1, 1, 1, 1, 1, 1, 1, 1, 1, 1, 1,
        1, 1, 1, 1, 1, 1, 1, 1, 1, 1, 1, 1, 1, 1, 1, 1, 1, 1, 1, 1, 1, 1, 1, 1,
        1, 1, 1, 1, 1, 1, 1, 1, 1, 1, 1, 1, 1, 1, 1, 1, 1, 1, 1, 1, 1, 1, 1, 1,
        1, 1, 1, 1, 1, 1, 1, 1, 1, 1, 1, 1, 1, 1, 1, 1, 1, 1, 1, 1, 1, 1, 1, 1,
        1, 1, 1, 1, 1, 1, 1, 1, 1, 1, 1, 1, 1, 1, 1, 1, 1, 1, 1, 1, 1, 1, 1, 1,
        1, 1, 1, 1, 1, 1, 1, 1, 1, 1, 1, 1, 1, 1, 1, 1, 1, 1, 1, 1, 1, 1, 1, 1,
        1, 1, 1, 1, 1, 1, 1, 1, 1, 1, 1, 1, 1, 1, 1, 1, 1, 1, 1, 1, 1, 1, 1, 1,
        1, 1, 1, 1, 1, 1, 1, 1, 1, 1, 1, 1, 1, 1, 1, 1, 1, 1, 1, 1, 1, 1, 1, 1,
        1, 1, 1, 1, 1, 1, 1, 1, 1, 1, 1, 1, 1, 1, 1, 1, 1, 1, 1, 1, 1, 1, 1, 1,
        1, 1, 1, 1, 1, 1, 1, 1, 1, 1, 1, 1, 1, 1, 1, 1, 1, 1, 1, 1, 1, 1, 1, 1,
        1, 1, 1, 1, 1, 1, 1, 1, 1, 1, 1, 1, 1, 1, 1, 1, 1, 1, 1, 1, 1, 1, 1, 1,
        1, 1, 1, 1, 1, 1, 1, 1, 1, 1, 1, 1, 1, 1, 1, 1, 1, 1, 1, 1, 1, 1, 1, 1,
        1, 1, 1, 1, 1, 1, 1, 1, 1, 1, 1, 1, 1, 1, 1, 1, 1, 1, 1, 1, 1, 1, 1, 1,
        1, 1, 1, 1, 1, 1, 1, 1, 1, 1, 1, 1, 1, 1, 1, 1, 1, 1, 1, 1, 1, 1, 1, 1,
        1, 1, 1, 1, 1, 1, 1, 1, 1, 1, 1, 1, 1, 1])",0,46
The college of computer studies is open 7am-5pm Monday-Saturday!,when are you guys open,35,63,"tensor([ 101, 1165, 1132, 1128, 3713, 1501, 1109, 2134, 1104, 2775, 2527, 1110,
        1501,  128, 2312,  118,  126, 9952, 6356,  118, 4306,  106,  102])","tensor([1, 1, 1, 1, 1, 1, 1, 1, 1, 1, 1, 1, 1, 1, 1, 1, 1, 1, 1, 1, 1, 1, 1])",35,63
"You can email the department Secretary: Ms. Analyn absabularse@fatima.edu.ph and Ms. Bea, brmateo@fatima.edu.ph",contact information,0,38,"tensor([  101,  3232,  1869,  1192,  1169, 10632,  1103,  2853,  2909,   131,
         6980,   119,  9954,  8068,   170,  4832,  6639,  5552,  2217,   137,
         7930,  8628,   119,  5048,  1358,   119,   185,  1324,  1105,  6980,
          119,  4108,  1161,   117,  9304,  7213,  1186,   137,  7930,  8628,
          119,  5048,  1358,   119,   185,  1324,   102])","tensor([1, 1, 1, 1, 1, 1, 1, 1, 1, 1, 1, 1, 1, 1, 1, 1, 1, 1, 1, 1, 1, 1, 1, 1,
        1, 1, 1, 1, 1, 1, 1, 1, 1, 1, 1, 1, 1, 1, 1, 1, 1, 1, 1, 1, 1, 1, 1])",0,38
"Our university offers bachelors of science in computer science, bachelor of Information Technology, Bachelor of science in entertainment and multimedia computing",courses offered in CCS Department,0,34,"tensor([  101,  4770,  2356,  1107, 21362,  1708,  1951,  3458,  2755,  3272,
         8091,  1116,  1104,  2598,  1107,  2775,  2598,   117,  8091,  1104,
         4219,  3529,   117,  6143,  1104,  2598,  1107,  5936,  1105, 20680,
        12783,   102])","tensor([1, 1, 1, 1, 1, 1, 1, 1, 1, 1, 1, 1, 1, 1, 1, 1, 1, 1, 1, 1, 1, 1, 1, 1,
        1, 1, 1, 1, 1, 1, 1, 1])",0,34
"The bachelor of Science in information Technology focuses on the study of both hardware and software technologies invovling planning, installing, customizing, operating, managing, and administering, and Maintaining information technology infrastructure that provide computing solutions to address the needs of an organization",What is Information Technology,27,57,"tensor([  101,  1327,  1110,  4219,  3529,  1109,  8091,  1104,  2444,  1107,
         1869,  3529,  7203,  1113,  1103,  2025,  1104,  1241,  8172,  1105,
         3594,  7951,  1107,  6005,  1964,  1979,  3693,   117, 27432,   117,
         8156,  4404,   117,  3389,   117,  7204,   117,  1105, 23972,  1158,
          117,  1105,  4304, 26174,  1869,  2815,  6557,  1115,  2194, 12783,
         7995,  1106,  4134,  1103,  2993,  1104,  1126,  2369,   102])","tensor([1, 1, 1, 1, 1, 1, 1, 1, 1, 1, 1, 1, 1, 1, 1, 1, 1, 1, 1, 1, 1, 1, 1, 1,
        1, 1, 1, 1, 1, 1, 1, 1, 1, 1, 1, 1, 1, 1, 1, 1, 1, 1, 1, 1, 1, 1, 1, 1,
        1, 1, 1, 1, 1, 1, 1, 1, 1, 1, 1])",27,57
"The Bachelor of Science in Computer Science provides the study of computing concepts and theories, algorithmic foundations, and new developments in computing. The program prepares students to design and create algorithmically complex software and develop new and effective algorithms for solving computing problems.",What is computer science,27,84,"tensor([  101,  1327,  1110,  2775,  2598,  1109,  6143,  1104,  2444,  1107,
         6701,  2444,  2790,  1103,  2025,  1104, 12783,  8550,  1105,  7997,
          117,  9932,  1596, 11217,   117,  1105,  1207,  9093,  1107, 12783,
          119,  1109,  1788, 23133,  1651,  1106,  1902,  1105,  2561,  9932,
         9203,  2703,  3594,  1105,  3689,  1207,  1105,  3903, 14975,  1111,
        15097, 12783,  2645,   119,   102])","tensor([1, 1, 1, 1, 1, 1, 1, 1, 1, 1, 1, 1, 1, 1, 1, 1, 1, 1, 1, 1, 1, 1, 1, 1,
        1, 1, 1, 1, 1, 1, 1, 1, 1, 1, 1, 1, 1, 1, 1, 1, 1, 1, 1, 1, 1, 1, 1, 1,
        1, 1, 1, 1, 1, 1, 1])",27,84
"This program delivers the concepts, principles, and techniques in the design and development of multimedia products and solutions. The program enables students to be skillful and  knowledgeable about the whole pipeline of Digital Animation projects. It also tackles the study and application of fundamental and advanced theories in developing 2D and 3D animated media.",What is EMC,0,47,"tensor([  101,  1327,  1110,   142, 10044,  1188,  1788, 19603,  1103,  8550,
          117,  6551,   117,  1105,  4884,  1107,  1103,  1902,  1105,  1718,
         1104, 20680,  2982,  1105,  7995,   119,  1109,  1788, 13267,  1651,
         1106,  1129,  7864,  2365,  1105,  3044,  1895,  1164,  1103,  2006,
        15826,  1104,  6082, 15048,  3203,   119,  1135,  1145, 10379,  1103,
         2025,  1105,  4048,  1104,  8148,  1105,  3682,  7997,  1107,  4297,
        22947,  1105,  7860,  6608,  2394,   119,   102])","tensor([1, 1, 1, 1, 1, 1, 1, 1, 1, 1, 1, 1, 1, 1, 1, 1, 1, 1, 1, 1, 1, 1, 1, 1,
        1, 1, 1, 1, 1, 1, 1, 1, 1, 1, 1, 1, 1, 1, 1, 1, 1, 1, 1, 1, 1, 1, 1, 1,
        1, 1, 1, 1, 1, 1, 1, 1, 1, 1, 1, 1, 1, 1, 1, 1, 1, 1, 1])",0,47
"Career Opportunities of bachelor of Science in Information Technology are, Web and Applications Developer, Junior Database Administrator, System Administrator, Network Engineer, Information Security Administrator, Systems Integration Personnel, IT Audit Assistant, Technical Support Specialist, Quality Assurance Specialist, System Analyst, Computer Programme",What are the Career of IT,0,73,"tensor([  101,  1327,  1132,  1103, 17062,  1104,  9686, 17062,  9126,  4342,
        19782,  4338,  1104,  8091,  1104,  2444,  1107,  4219,  3529,  1132,
          117,  9059,  1105, 20603, 18433, 19773,  3365,   117,  3800, 22929,
        19483,   117,  3910, 19483,   117,  3998,  8252,   117,  4219,  4354,
        19483,   117,  6475, 26631, 19821,   117,  9686, 22139,  1204,  5414,
          117,  6846,  8704, 25607,   117, 14801,  1249,  6385, 10555, 25607,
          117,  3910,  9954,  1193,  2050,   117,  6701, 11512,   102])","tensor([1, 1, 1, 1, 1, 1, 1, 1, 1, 1, 1, 1, 1, 1, 1, 1, 1, 1, 1, 1, 1, 1, 1, 1,
        1, 1, 1, 1, 1, 1, 1, 1, 1, 1, 1, 1, 1, 1, 1, 1, 1, 1, 1, 1, 1, 1, 1, 1,
        1, 1, 1, 1, 1, 1, 1, 1, 1, 1, 1, 1, 1, 1, 1, 1, 1, 1, 1, 1, 1])",0,73
"Career Opportunities of bachelor of Science in Computer Science are, Software Engineer, Systems Software Developer, Research and Development Computing Professional, Applications Software Developer, Computer Programmer, System Analyst, Data Analyst, Quality Assurance Specialist, Software Support Specialist",What are the Career of CS,0,69,"tensor([  101,  1327,  1132,  1103, 17062,  1104, 24821, 17062,  9126,  4342,
        19782,  4338,  1104,  8091,  1104,  2444,  1107,  6701,  2444,  1132,
          117, 10331,  8252,   117,  6475, 10331, 18433, 19773,  3365,   117,
         2713,  1105,  3273, 20463,  6861,   117, 20603, 10331, 18433, 19773,
         3365,   117,  6701, 11512,  1197,   117,  3910,  9954,  1193,  2050,
          117,  7154,  9954,  1193,  2050,   117, 14801,  1249,  6385, 10555,
        25607,   117, 10331,  8704, 25607,   102])","tensor([1, 1, 1, 1, 1, 1, 1, 1, 1, 1, 1, 1, 1, 1, 1, 1, 1, 1, 1, 1, 1, 1, 1, 1,
        1, 1, 1, 1, 1, 1, 1, 1, 1, 1, 1, 1, 1, 1, 1, 1, 1, 1, 1, 1, 1, 1, 1, 1,
        1, 1, 1, 1, 1, 1, 1, 1, 1, 1, 1, 1, 1, 1, 1, 1, 1, 1])",0,69
"Career Opportunities of bachelor of Science in Entertainment and multimedia computing are, Creative Programmer, Technical Animator, Creative Content Developer, Ad Builders Technical, Director for Modelling / Rigging / Lighting, Animation Quality Assurance Specialist, Technical Director for Game Art, Digital 2D or 3D Animation Content Producer,Digital 2D or 3D Production Designer, Associate Business Development Specialist for Entertainment Multimedia Industries",What are the Career of EMC,0,85,"tensor([  101,  1327,  1132,  1103, 17062,  1104,   142, 10044, 17062,  9126,
         4342, 19782,  4338,  1104,  8091,  1104,  2444,  1107,  4549,  1105,
        20680, 12783,  1132,   117, 10963, 11512,  1197,   117,  6846,  1760,
        23021,   117, 10963, 27551, 18433, 19773,  3365,   117, 24930,   139,
        19118,  1468,  6846,   117,  2524,  1111,  6747,  1979,   120,   155,
         6512,  3375,   120,  3935,  1158,   117, 15048, 14801,  1249,  6385,
        10555, 25607,   117,  6846,  2524,  1111,  3497,  2051,   117,  6082,
        22947,  1137,  7860, 15048, 27551,  8033,   117,  6082, 22947,  1137,
         7860,  6401, 25174,   117,  9666,  3518,  3273, 25607,  1111,  4549,
        18447, 16418, 10699,   102])","tensor([1, 1, 1, 1, 1, 1, 1, 1, 1, 1, 1, 1, 1, 1, 1, 1, 1, 1, 1, 1, 1, 1, 1, 1,
        1, 1, 1, 1, 1, 1, 1, 1, 1, 1, 1, 1, 1, 1, 1, 1, 1, 1, 1, 1, 1, 1, 1, 1,
        1, 1, 1, 1, 1, 1, 1, 1, 1, 1, 1, 1, 1, 1, 1, 1, 1, 1, 1, 1, 1, 1, 1, 1,
        1, 1, 1, 1, 1, 1, 1, 1, 1, 1, 1, 1, 1, 1, 1, 1, 1, 1, 1, 1, 1, 1])",0,85
"The Our Lady of Fatima University, together with Fatima Medical Science Foundation, Inc., is dedicated to the improvement of man as man through the holistic formation of individuals imbued with knowledge, skills, and virtues.",what is the olfu mission,90,135,"tensor([  101,  1184,  1110,  1103,   184,  9654,  1358,  2862,  1109,  3458,
         2876,  1104, 13723,  8628,  1239,   117,  1487,  1114, 13723,  8628,
         3875,  2444,  2974,   117,  3561,   119,   117,  1110,  3256,  1106,
         1103,  8331,  1104,  1299,  1112,  1299,  1194,  1103, 16358, 15105,
         3855,  1104,  2833, 13280,  7925,  1174,  1114,  3044,   117,  4196,
          117,  1105, 26437,   119,   102])","tensor([1, 1, 1, 1, 1, 1, 1, 1, 1, 1, 1, 1, 1, 1, 1, 1, 1, 1, 1, 1, 1, 1, 1, 1,
        1, 1, 1, 1, 1, 1, 1, 1, 1, 1, 1, 1, 1, 1, 1, 1, 1, 1, 1, 1, 1, 1, 1, 1,
        1, 1, 1, 1, 1, 1, 1])",90,135
A premier inclusive university of choice aspiring to improve man as man by developing individuals through a legacy of excellent education and compassionate value formation.,what is the olfu vision,0,49,"tensor([  101,  1184,  1110,  1103,   184,  9654,  1358,  4152,   138, 11591,
        21783,  2755,  1104,  3026, 25850,  1106,  4607,  1299,  1112,  1299,
         1118,  4297,  2833,  1194,   170, 10261,  1104,  6548,  1972,  1105,
        18027,  2193,  2860,  3855,   119,   102])","tensor([1, 1, 1, 1, 1, 1, 1, 1, 1, 1, 1, 1, 1, 1, 1, 1, 1, 1, 1, 1, 1, 1, 1, 1,
        1, 1, 1, 1, 1, 1, 1, 1, 1, 1, 1, 1])",0,49
"The College of Computer Studies aims to provide innovative and quality instruction to the advancement of technology, intends to develop an entrepreneurial learning environment towards sustainability and growth; and develops responsible and morally upright citizens",what is the ccs mission,48,115,"tensor([  101,  1184,  1110,  1103, 14402,  1116,  2862,  1109,  1531,  1104,
         6701,  3829,  8469,  1106,  2194, 10034,  1105,  3068,  8235,  1106,
         1103, 19024,  1104,  2815,   117, 20299,  1106,  3689,  1126, 12035,
         2916,  3776,  3750,  2019, 20598,  1105,  3213,   132,  1105, 11926,
         2784,  1105,  7279,  1193, 10170,  4037,   102])","tensor([1, 1, 1, 1, 1, 1, 1, 1, 1, 1, 1, 1, 1, 1, 1, 1, 1, 1, 1, 1, 1, 1, 1, 1,
        1, 1, 1, 1, 1, 1, 1, 1, 1, 1, 1, 1, 1, 1, 1, 1, 1, 1, 1, 1, 1, 1, 1])",48,115
"we are committed to provide accessible, responsive, and quality Information Technology Education (ITE) programs and to become the Institution of choice in producing competent and responsible I T professionals who are sensitive to the needs and demands of the industry.",what is the ccs vision,28,63,"tensor([  101,  1184,  1110,  1103, 14402,  1116,  4152,  1195,  1132,  4762,
         1106,  2194,  7385,   117,  1231, 20080,  4199,  2109,   117,  1105,
         3068,  4219,  3529,  2531,   113,  9686,  2036,   114,  2648,  1105,
         1106,  1561,  1103, 11127,  1104,  3026,  1107,  4411, 19555,  1105,
         2784,   146,   157,  8799,  1150,  1132,  7246,  1106,  1103,  2993,
         1105,  7252,  1104,  1103,  2380,   119,   102])","tensor([1, 1, 1, 1, 1, 1, 1, 1, 1, 1, 1, 1, 1, 1, 1, 1, 1, 1, 1, 1, 1, 1, 1, 1,
        1, 1, 1, 1, 1, 1, 1, 1, 1, 1, 1, 1, 1, 1, 1, 1, 1, 1, 1, 1, 1, 1, 1, 1,
        1, 1, 1, 1, 1, 1, 1, 1, 1])",28,63
"1. Apply Computer Science principles in software engineering, artificial intelligence, computer networking, database systems, computer graphics, and web science as required for career entry, 2. Develop and present research papers in public forums. 3. Explore continuing studies and take and pass certification exams applicable to the field or specializaion. 4. Adhere to the ethical and moral standards of ACM and IEEE professional code of conduct. 5. Conduct community-based training and innovate solutions for computing problems.",what is the ccs program outcomes,3,60,"tensor([  101,  1184,  1110,  1103, 14402,  1116,  1788, 13950,   122,   119,
          138,  8661,  1193,  6701,  2444,  6551,  1107,  3594,  3752,   117,
         8246,  4810,   117,  2775, 16074,   117,  8539,  2344,   117,  2775,
         9043,   117,  1105,  5127,  2598,  1112,  2320,  1111,  1578,  3990,
          117,   123,   119, 18433, 19773,  1643,  1105,  1675,  1844,  4580,
         1107,  1470, 25438,   119,   124,   119, 16409,  1643, 21425,  5542,
         2527,  1105,  1321,  1105,  2789, 12146, 15747, 13036,  1106,  1103,
         1768,  1137,  1957, 23228,  1988,   119,   125,   119, 24930, 12807,
         1106,  1103, 15380,  1105,  7279,  4473,  1104,  9690,  2107,  1105,
        16206,  1848,  3463,  1104,  5880,   119,   126,   119, 16752, 13890,
         1661,   118,  1359,  2013,  1105, 14880,  8625,  1566,  7995,  1111,
        12783,  2645,   119,   102])","tensor([1, 1, 1, 1, 1, 1, 1, 1, 1, 1, 1, 1, 1, 1, 1, 1, 1, 1, 1, 1, 1, 1, 1, 1,
        1, 1, 1, 1, 1, 1, 1, 1, 1, 1, 1, 1, 1, 1, 1, 1, 1, 1, 1, 1, 1, 1, 1, 1,
        1, 1, 1, 1, 1, 1, 1, 1, 1, 1, 1, 1, 1, 1, 1, 1, 1, 1, 1, 1, 1, 1, 1, 1,
        1, 1, 1, 1, 1, 1, 1, 1, 1, 1, 1, 1, 1, 1, 1, 1, 1, 1, 1, 1, 1, 1, 1, 1,
        1, 1, 1, 1, 1, 1, 1, 1, 1, 1, 1, 1, 1, 1, 1, 1, 1, 1])",3,60
1. Demonstrate professional computing competence through integration of knowledge learned in different disciples of computer science and utilization of evidence-based practice in providing approximate solutions to computing problem. 2. Contribute in the transformation of the computer science through research and innovation. 3. Engage in lifelong computer science education through active and empowered learning. 4. Fulfill the professional computing roles with deep sense of moral and social responsibility. 5. Exemplify quality and excellent leadership in providing computing services to the global community,what is the ccs program educational objectives,3,48,"tensor([  101,  1184,  1110,  1103, 14402,  1116,  1788,  4339, 11350,   122,
          119, 25501, 18775,  1848, 12783, 26613,  1194,  9111,  1104,  3044,
         3560,  1107,  1472, 21429,  1104,  2775,  2598,  1105,   190, 19621,
         2734,  1104,  2554,   118,  1359,  2415,  1107,  3558, 17325,  7995,
         1106, 12783,  2463,   119,   123,   119, 16752, 19091, 16442,  1162,
         1107,  1103,  9047,  1104,  1103,  2775,  2598,  1194,  1844,  1105,
        11279,   119,   124,   119, 13832,  2571,  2176,  1107, 14497,  2775,
         2598,  1972,  1194,  2327,  1105,  9712, 18186,  3776,   119,   125,
          119, 14763,  9654,  7956,  1103,  1848, 12783,  3573,  1114,  1996,
         2305,  1104,  7279,  1105,  1934,  4812,   119,   126,   119, 16409,
         5521,  1643, 22881,  3068,  1105,  6548,  3645,  1107,  3558, 12783,
         1826,  1106,  1103,  4265,  1661,   102])","tensor([1, 1, 1, 1, 1, 1, 1, 1, 1, 1, 1, 1, 1, 1, 1, 1, 1, 1, 1, 1, 1, 1, 1, 1,
        1, 1, 1, 1, 1, 1, 1, 1, 1, 1, 1, 1, 1, 1, 1, 1, 1, 1, 1, 1, 1, 1, 1, 1,
        1, 1, 1, 1, 1, 1, 1, 1, 1, 1, 1, 1, 1, 1, 1, 1, 1, 1, 1, 1, 1, 1, 1, 1,
        1, 1, 1, 1, 1, 1, 1, 1, 1, 1, 1, 1, 1, 1, 1, 1, 1, 1, 1, 1, 1, 1, 1, 1,
        1, 1, 1, 1, 1, 1, 1, 1, 1, 1, 1, 1, 1, 1, 1, 1, 1, 1, 1, 1])",3,48
"For tuition fee details, visit the accounting office of Our Lady of Fatima University",information about tuition fee,4,23,"tensor([  101,  1869,  1164, 17185,  7216,  1370, 17185,  7216,  4068,   117,
         3143,  1103, 11438,  1701,  1104,  3458,  2876,  1104, 13723,  8628,
         1239,   102])","tensor([1, 1, 1, 1, 1, 1, 1, 1, 1, 1, 1, 1, 1, 1, 1, 1, 1, 1, 1, 1, 1, 1])",4,23
"the department of college of computer studies is located at MXHP+X93, Tamaraw Hills Ext, Valenzuela, Metro Manila",where is the college located,29,68,"tensor([  101,  1187,  1110,  1103,  2134,  1388,  1103,  2853,  1104,  2134,
         1104,  2775,  2527,  1110,  1388,  1120,   150,  3190, 18104,   116,
          161,  1580,  1495,   117, 24251,  2246,  5377, 16409,  1204,   117,
        10532, 19411, 24741,  1161,   117,  6431,  9002,   102])","tensor([1, 1, 1, 1, 1, 1, 1, 1, 1, 1, 1, 1, 1, 1, 1, 1, 1, 1, 1, 1, 1, 1, 1, 1,
        1, 1, 1, 1, 1, 1, 1, 1, 1, 1, 1, 1, 1, 1])",29,68
"The subjects offered in the first year, first semester of computer science include COLLEGE ENGLISH, FUNDAMENTALS OF PROGRAMMING WITH LAB, PC ASSEMBLY TROUBLESHOOTING AND MAINTENANCE, SCIENCE TECHNOLOGY & SOCIETY, THE CONTEMPORARY WORLD, UNDERSTANDING SELF, VERITAS ET MISERICODIA 1",what courses are covered in the First Semester of the First Year for Computer Science,28,74,"tensor([  101,  1184,  4770,  1132,  2262,  1107,  1103,  1752, 22087,  6801,
         2083,  1104,  1103,  1752,  2381,  1111,  6701,  2444,  1109,  5174,
         2356,  1107,  1103,  1148,  1214,   117,  1148, 14594,  1104,  2775,
         2598,  1511, 18732, 23955, 17020,  2036,   142, 11780,  2162,  6258,
         3048,   117,   143, 27370, 11392, 14424, 15681, 12507,  1708, 11345,
        11629,  2346, 27617, 10964, 14038, 11780,   160, 12150,  3048, 10722,
         2064,   117,  7054, 15278, 12649, 20660,  2162,  3663,   157, 21564,
         2591, 13360,  9919,  3048,  2346, 14697, 15740, 16716,  9960, 11607,
        12880, 11185, 15517,  2036,   117,  9314, 17444, 15517,  2036,   157,
         8231,  3048,  2249, 13901,  2346,  2349,  3663,   111,   156,  9244,
        17444, 16880,   117,  7462, 18732, 15681, 15577, 23329,  9664,  2069,
         3663,   160,  9565, 20521,   117,  7414, 20427,  8900,  9159, 16769,
        15740, 12342, 25470,   117,   159,  9637, 12150, 10719, 27269, 26574,
        12649, 20595, 15678, 17243,  1592,   122,   102])","tensor([1, 1, 1, 1, 1, 1, 1, 1, 1, 1, 1, 1, 1, 1, 1, 1, 1, 1, 1, 1, 1, 1, 1, 1,
        1, 1, 1, 1, 1, 1, 1, 1, 1, 1, 1, 1, 1, 1, 1, 1, 1, 1, 1, 1, 1, 1, 1, 1,
        1, 1, 1, 1, 1, 1, 1, 1, 1, 1, 1, 1, 1, 1, 1, 1, 1, 1, 1, 1, 1, 1, 1, 1,
        1, 1, 1, 1, 1, 1, 1, 1, 1, 1, 1, 1, 1, 1, 1, 1, 1, 1, 1, 1, 1, 1, 1, 1,
        1, 1, 1, 1, 1, 1, 1, 1, 1, 1, 1, 1, 1, 1, 1, 1, 1, 1, 1, 1, 1, 1, 1, 1,
        1, 1, 1, 1, 1, 1, 1, 1, 1, 1, 1, 1, 1, 1, 1, 1, 1])",28,74
"Here is the The subjects offered in the first year, second semester of computer science include CRITICAL READING WRITING AND THINKING, DIGITAL LOGIC AND DESIGN, INTERMEDIATE PROGRAMMING WITH LAB, MATHEMATICS IN THE MODERN WORLD, PURPOSIVE COMMUNICATION, READINGS IN PHILIPPINE HISTORY, VERITAS ET MISERICORDIA 2, WEB DEVELOPMENT WITH LAB",what courses are covered in the Second Semester of the First Year for Computer Science,40,87,"tensor([  101,  1184,  4770,  1132,  2262,  1107,  1103,  2307, 22087,  6801,
         2083,  1104,  1103,  1752,  2381,  1111,  6701,  2444,  3446,  1110,
         1103,  1109,  5174,  2356,  1107,  1103,  1148,  1214,   117,  1248,
        14594,  1104,  2775,  2598,  1511, 15531, 12150,  9741, 12507,   155,
        12420, 17243, 11780, 26476, 12150, 15740, 16716,   157,  3048, 11607,
         2428, 15740,   117,   141, 23413, 12150, 12507,   149,  2346, 21065,
         1658, 16716, 18581, 13882,  2349,  2249,   117, 15969, 12880,  2069,
        14424, 17243, 13821,  2036, 11629,  2346, 27617, 10964, 14038, 11780,
          160, 12150,  3048, 10722,  2064,   117,  9960, 24162, 15577, 13821,
         9741,  1708, 15969,  7462,   150, 15609,  9637,  2249,   160,  9565,
        20521,   117,   153, 19556, 23329, 13882, 17145, 18732, 25290, 27370,
         9741, 13821, 24805,   117,   155, 12420, 17243, 11780,  1708, 15969,
          153,  3048, 17656, 11410, 23203, 22680,   145,  6258, 18082,  2069,
         3663,   117,   159,  9637, 12150, 10719, 27269, 26574, 12649, 20595,
        15678, 23354,  9984,   123,   117,   160,  2036,  2064, 18581, 17145,
         2162, 17195, 14424, 15681,   160, 12150,  3048, 10722,  2064,   102])","tensor([1, 1, 1, 1, 1, 1, 1, 1, 1, 1, 1, 1, 1, 1, 1, 1, 1, 1, 1, 1, 1, 1, 1, 1,
        1, 1, 1, 1, 1, 1, 1, 1, 1, 1, 1, 1, 1, 1, 1, 1, 1, 1, 1, 1, 1, 1, 1, 1,
        1, 1, 1, 1, 1, 1, 1, 1, 1, 1, 1, 1, 1, 1, 1, 1, 1, 1, 1, 1, 1, 1, 1, 1,
        1, 1, 1, 1, 1, 1, 1, 1, 1, 1, 1, 1, 1, 1, 1, 1, 1, 1, 1, 1, 1, 1, 1, 1,
        1, 1, 1, 1, 1, 1, 1, 1, 1, 1, 1, 1, 1, 1, 1, 1, 1, 1, 1, 1, 1, 1, 1, 1,
        1, 1, 1, 1, 1, 1, 1, 1, 1, 1, 1, 1, 1, 1, 1, 1, 1, 1, 1, 1, 1, 1, 1, 1,
        1, 1, 1, 1, 1, 1, 1, 1, 1, 1, 1, 1, 1, 1, 1, 1])",40,87
"The subjects offered in the second year, first semester of computer science include APPLICATION DEVELOPMENT AND EMERGING TECHNOLOGIES WITH LAB, DATA STRUCTURES AND ALGORITHM WITH LAB, DISCRETE MATHEMATICS 1, ETHICS, NUMBER THEORY, OBJECT ORIENTED PROGRAMMING 1 WITH LAB, PHYSICAL EDUCATION 3, PROGRAMMING LANGUAGES WITH LAB, VERITAS ET MISERICORDIA 3",what courses are covered in the First Semester of the Second Year for Computer Science,28,75,"tensor([  101,  1184,  4770,  1132,  2262,  1107,  1103,  1752, 22087,  6801,
         2083,  1104,  1103,  2307,  2381,  1111,  6701,  2444,  1109,  5174,
         2356,  1107,  1103,  1248,  1214,   117,  1148, 14594,  1104,  2775,
         2598,  1511, 10997, 27258,  9741, 13821, 24805, 18581, 17145,  2162,
        17195, 14424, 15681, 16716,   142, 14424,  2069, 21065, 11780,   157,
         8231,  3048,  2249, 13901,  2346, 21065,  9919,   160, 12150,  3048,
        10722,  2064,   117,   141, 13821,  1592, 23676,  2069, 21986, 27074,
        16941,  1708, 16716, 18589,  2349,  9565, 12150,  3048,  2107,   160,
        12150,  3048, 10722,  2064,   117,   141,  6258, 23554, 11943,  2036,
         9960, 24162, 15577, 13821,  9741,  1708,   122,   117, 27269,  3048,
         9741,  1708,   117,   151, 25810, 27211,  2069,  7462,  9565,  3663,
          117,   152,  2064,  4538,  8231,  1942, 23066, 17444, 15681, 10069,
        11629,  2346, 27617, 10964, 14038, 11780,   122,   160, 12150,  3048,
        10722,  2064,   117,   153,  3048,  3663, 13882, 11356,  2162,   142,
         2137, 21986, 13821, 24805,   124,   117, 11629,  2346, 27617, 10964,
        14038, 11780, 10722, 11780,  2591, 22689,  9919,   160, 12150,  3048,
        10722,  2064,   117,   159,  9637, 12150, 10719, 27269, 26574, 12649,
        20595, 15678, 23354,  9984,   124,   102])","tensor([1, 1, 1, 1, 1, 1, 1, 1, 1, 1, 1, 1, 1, 1, 1, 1, 1, 1, 1, 1, 1, 1, 1, 1,
        1, 1, 1, 1, 1, 1, 1, 1, 1, 1, 1, 1, 1, 1, 1, 1, 1, 1, 1, 1, 1, 1, 1, 1,
        1, 1, 1, 1, 1, 1, 1, 1, 1, 1, 1, 1, 1, 1, 1, 1, 1, 1, 1, 1, 1, 1, 1, 1,
        1, 1, 1, 1, 1, 1, 1, 1, 1, 1, 1, 1, 1, 1, 1, 1, 1, 1, 1, 1, 1, 1, 1, 1,
        1, 1, 1, 1, 1, 1, 1, 1, 1, 1, 1, 1, 1, 1, 1, 1, 1, 1, 1, 1, 1, 1, 1, 1,
        1, 1, 1, 1, 1, 1, 1, 1, 1, 1, 1, 1, 1, 1, 1, 1, 1, 1, 1, 1, 1, 1, 1, 1,
        1, 1, 1, 1, 1, 1, 1, 1, 1, 1, 1, 1, 1, 1, 1, 1, 1, 1, 1, 1, 1, 1, 1, 1,
        1, 1, 1, 1, 1, 1, 1, 1])",28,75
"The subjects offered in the second year, second semester of computer science include ALGORITHMS AND COMPLEXITY, DIFFERENTIAL CALCULUS, DISCRETE MATHEMATICS 2, INFORMATION MANAGEMENT WITH LAB, LINUX FUNDAMENTALS AND ADMINISTRATION WITH LAB, OBJECT ORIENTED PROGRAMMING 2 WITH LAB, PHILIPPINE POLITICS GOVERNANCE AND CITIZENSHIP, PHYSICAL EDUCATION 4, VERITAS ET MISERICORDIA 4",what courses are covered in the Second Semester of the Second Year for Computer Science?,28,76,"tensor([  101,  1184,  4770,  1132,  2262,  1107,  1103,  2307, 22087,  6801,
         2083,  1104,  1103,  2307,  2381,  1111,  6701,  2444,   136,  1109,
         5174,  2356,  1107,  1103,  1248,  1214,   117,  1248, 14594,  1104,
         2775,  2598,  1511, 18589,  2349,  9565, 12150,  3048,  7182, 16716,
        18732, 12347, 17516,  3190, 12150,  3663,   117,   141, 15499,  2271,
         9637, 11680, 21669, 12507,  8784, 12674,  2591,  2162, 13329,   117,
          141,  6258, 23554, 11943,  2036,  9960, 24162, 15577, 13821,  9741,
         1708,   123,   117, 15969,  2271,  9565,  8271, 21669, 11414,  9960,
        11185, 16523, 14424, 15681,   160, 12150,  3048, 10722,  2064,   117,
          149, 11607,  2591,  3190,   143, 27370, 11392, 14424, 15681, 12507,
         1708, 16716,  5844, 14038, 27451,  9272,  9664, 21669, 11414,   160,
        12150,  3048, 10722,  2064,   117,   152,  2064,  4538,  8231,  1942,
        23066, 17444, 15681, 10069, 11629,  2346, 27617, 10964, 14038, 11780,
          123,   160, 12150,  3048, 10722,  2064,   117,   153,  3048, 17656,
        11410, 23203, 22680,   153, 13901, 12150,  9741,  1708, 27157, 17145,
        15654, 15517,  2036, 16716,   140, 12150,  2240,  5301, 11680,  1708,
         3048, 11410,   117,   153,  3048,  3663, 13882, 11356,  2162,   142,
         2137, 21986, 13821, 24805,   125,   117,   159,  9637, 12150, 10719,
        27269, 26574, 12649, 20595, 15678, 23354,  9984,   125,   102])","tensor([1, 1, 1, 1, 1, 1, 1, 1, 1, 1, 1, 1, 1, 1, 1, 1, 1, 1, 1, 1, 1, 1, 1, 1,
        1, 1, 1, 1, 1, 1, 1, 1, 1, 1, 1, 1, 1, 1, 1, 1, 1, 1, 1, 1, 1, 1, 1, 1,
        1, 1, 1, 1, 1, 1, 1, 1, 1, 1, 1, 1, 1, 1, 1, 1, 1, 1, 1, 1, 1, 1, 1, 1,
        1, 1, 1, 1, 1, 1, 1, 1, 1, 1, 1, 1, 1, 1, 1, 1, 1, 1, 1, 1, 1, 1, 1, 1,
        1, 1, 1, 1, 1, 1, 1, 1, 1, 1, 1, 1, 1, 1, 1, 1, 1, 1, 1, 1, 1, 1, 1, 1,
        1, 1, 1, 1, 1, 1, 1, 1, 1, 1, 1, 1, 1, 1, 1, 1, 1, 1, 1, 1, 1, 1, 1, 1,
        1, 1, 1, 1, 1, 1, 1, 1, 1, 1, 1, 1, 1, 1, 1, 1, 1, 1, 1, 1, 1, 1, 1, 1,
        1, 1, 1, 1, 1, 1, 1, 1, 1, 1, 1, 1, 1, 1, 1, 1, 1, 1, 1, 1, 1])",28,76
"The subjects offered in the third year, first semester of computer science include AUTOMATA THEORY AND FORMAL LANGUAGE, CS PROFESSIONAL ELECTIVE WITH LAB, HUMAN BIOLOGY, IT PROJECT MANAGEMENT, NETWORKS AND COMMUNICATIONS WITH LAB, SOCIAL ETHICAL AND PROFESSIONAL ISSUES IN COMPUTING WITH LEGAL ASPECTS, SOFTWARE ENGINEERING 1 WITH LAB, STATISTICS FOR COMPUTING RESEARCH",what courses are covered in the First Semester of the Third Year for Computer Science,28,74,"tensor([  101,  1184,  4770,  1132,  2262,  1107,  1103,  1752, 22087,  6801,
         2083,  1104,  1103,  4180,  2381,  1111,  6701,  2444,  1109,  5174,
         2356,  1107,  1103,  1503,  1214,   117,  1148, 14594,  1104,  2775,
         2598,  1511, 21646, 18082,  8271,  9159,  7462,  9565,  3663, 16716,
          143,  9565,  8271,  2162, 10722, 11780,  2591, 22689,  2036,   117,
        24821, 11629,  2346,  2271,  9919, 13882, 11414, 12507,   142, 17516,
        16647, 26140,   160, 12150,  3048, 10722,  2064,   117,   145, 25810,
        14962,   139, 19368,  2162,  2346,  2349,  3663,   117,  9686, 11629,
         2346,  4538,  8231,  1942,  9960, 11185, 16523, 14424, 15681,   117,
        26546,  1942,  2924,  9565, 25370, 16716, 18732, 25290, 27370,  9741,
        13821, 24805,  1708,   160, 12150,  3048, 10722,  2064,   117,   156,
         9244,  9984,  2162, 27269,  3048,  9741, 12507, 16716, 11629,  2346,
         2271,  9919, 13882, 11414, 12507, 19432, 17281,  9919, 15969, 18732,
        12347, 16830, 15740,   160, 12150,  3048,   149, 17020, 12507, 15278,
         2101,  8231, 11365,   117,   156,  2346, 26321, 11840, 16941,   142,
        11780, 11607, 27073, 20595, 11780,   122,   160, 12150,  3048, 10722,
         2064,   117, 23676, 13821,  6258, 21669, 12122,   143,  9565, 18732,
        12347, 16830, 15740,   155,  9919, 12420, 10036,  3048,   102])","tensor([1, 1, 1, 1, 1, 1, 1, 1, 1, 1, 1, 1, 1, 1, 1, 1, 1, 1, 1, 1, 1, 1, 1, 1,
        1, 1, 1, 1, 1, 1, 1, 1, 1, 1, 1, 1, 1, 1, 1, 1, 1, 1, 1, 1, 1, 1, 1, 1,
        1, 1, 1, 1, 1, 1, 1, 1, 1, 1, 1, 1, 1, 1, 1, 1, 1, 1, 1, 1, 1, 1, 1, 1,
        1, 1, 1, 1, 1, 1, 1, 1, 1, 1, 1, 1, 1, 1, 1, 1, 1, 1, 1, 1, 1, 1, 1, 1,
        1, 1, 1, 1, 1, 1, 1, 1, 1, 1, 1, 1, 1, 1, 1, 1, 1, 1, 1, 1, 1, 1, 1, 1,
        1, 1, 1, 1, 1, 1, 1, 1, 1, 1, 1, 1, 1, 1, 1, 1, 1, 1, 1, 1, 1, 1, 1, 1,
        1, 1, 1, 1, 1, 1, 1, 1, 1, 1, 1, 1, 1, 1, 1, 1, 1, 1, 1, 1, 1, 1, 1, 1,
        1, 1, 1, 1, 1, 1, 1, 1, 1, 1, 1])",28,74
"The subjects offered in the third year, second semester of computer science include COMPUTATIONAL PHYSICS 1, CS THESIS 1, CURRENT TRENTS IN COMPUTING, HUMAN COMPUTER INTERACTION 1, INFORMATION ASSURANCE AND SECURITY 1 WITH LAB, SOFTWARE ENGINEERING 2 WITH LAB, CS PROFESSIONAL ELECTIVE 4 WITH LAB",what courses are covered in the Second Semester of the Third Year for Computer Science,28,75,"tensor([  101,  1184,  4770,  1132,  2262,  1107,  1103,  2307, 22087,  6801,
         2083,  1104,  1103,  4180,  2381,  1111,  6701,  2444,  1109,  5174,
         2356,  1107,  1103,  1503,  1214,   117,  1248, 14594,  1104,  2775,
         2598,  1511, 18732, 12347, 16830, 13821, 24805, 12507,   153,  3048,
         3663, 13882, 12122,   122,   117, 24821,  7462, 13882,  1708,   122,
          117,   140, 19556, 16941, 15681,   157, 16941, 15681,  1708, 15969,
        18732, 12347, 16830, 15740,   117,   145, 25810, 14962, 18732, 12347,
        16830,  9637, 15969, 12880,  9664, 16647, 24805,   122,   117, 15969,
         2271,  9565,  8271, 21669, 11414, 15278, 17281,  9664, 15517,  2036,
        16716, 15374, 19556, 12150,  3663,   122,   160, 12150,  3048, 10722,
         2064,   117,   156,  2346, 26321, 11840, 16941,   142, 11780, 11607,
        27073, 20595, 11780,   123,   160, 12150,  3048, 10722,  2064,   117,
        24821, 11629,  2346,  2271,  9919, 13882, 11414, 12507,   142, 17516,
        16647, 26140,   125,   160, 12150,  3048, 10722,  2064,   102])","tensor([1, 1, 1, 1, 1, 1, 1, 1, 1, 1, 1, 1, 1, 1, 1, 1, 1, 1, 1, 1, 1, 1, 1, 1,
        1, 1, 1, 1, 1, 1, 1, 1, 1, 1, 1, 1, 1, 1, 1, 1, 1, 1, 1, 1, 1, 1, 1, 1,
        1, 1, 1, 1, 1, 1, 1, 1, 1, 1, 1, 1, 1, 1, 1, 1, 1, 1, 1, 1, 1, 1, 1, 1,
        1, 1, 1, 1, 1, 1, 1, 1, 1, 1, 1, 1, 1, 1, 1, 1, 1, 1, 1, 1, 1, 1, 1, 1,
        1, 1, 1, 1, 1, 1, 1, 1, 1, 1, 1, 1, 1, 1, 1, 1, 1, 1, 1, 1, 1, 1, 1, 1,
        1, 1, 1, 1, 1, 1, 1, 1, 1, 1, 1, 1, 1, 1, 1, 1, 1, 1, 1])",28,75
"The subjects offered in the fourth year, first semester of computer science include BUSINESS APPLICATION MANAGEMENT, COMPUTER SYSTEM ORGANIZATION AND ARCHITECTURE, CS THESIS 2, OPERATING SYSTEM WITH LAB, ART APPRECIATION, THE LIFE WORKS AND WRITINGS OF RIZAL, CS PROFESSIONAL ELECTIVE 5 WITH LAB, CS PROFESSIONAL ELECTIVE 6 WITH LAB",what courses are covered in the First Semester of the Fourth Year for Computer Science,28,75,"tensor([  101,  1184,  4770,  1132,  2262,  1107,  1103,  1752, 22087,  6801,
         2083,  1104,  1103,  7652,  2381,  1111,  6701,  2444,  1109,  5174,
         2356,  1107,  1103,  2223,  1214,   117,  1148, 14594,  1104,  2775,
         2598,  1511,   139, 13329, 11607,  9919,  1708, 10997, 27258,  9741,
        13821, 24805,  9960, 11185, 16523, 14424, 15681,   117, 18732, 12347,
        16830,  9637,   156,  3663,  9272, 15577, 23066, 10583, 27451,  5301,
        13821, 24805, 16716, 22133, 23258, 12150,  8231, 27074, 16941,   117,
        24821,  7462, 13882,  1708,   123,   117,   152,  2101,  9637, 13821,
        15740,   156,  3663,  9272, 15577,   160, 12150,  3048, 10722,  2064,
          117, 22133,  1942, 10997, 22861,  8231,  9984, 21669, 11414,   117,
         7462,   149, 15499,  2036,   160,  9565, 25370, 16716, 26476, 12150,
        15740,  1708, 11345,   155,  2240,  5301, 12507,   117, 24821, 11629,
         2346,  2271,  9919, 13882, 11414, 12507,   142, 17516, 16647, 26140,
          126,   160, 12150,  3048, 10722,  2064,   117, 24821, 11629,  2346,
         2271,  9919, 13882, 11414, 12507,   142, 17516, 16647, 26140,   127,
          160, 12150,  3048, 10722,  2064,   102])","tensor([1, 1, 1, 1, 1, 1, 1, 1, 1, 1, 1, 1, 1, 1, 1, 1, 1, 1, 1, 1, 1, 1, 1, 1,
        1, 1, 1, 1, 1, 1, 1, 1, 1, 1, 1, 1, 1, 1, 1, 1, 1, 1, 1, 1, 1, 1, 1, 1,
        1, 1, 1, 1, 1, 1, 1, 1, 1, 1, 1, 1, 1, 1, 1, 1, 1, 1, 1, 1, 1, 1, 1, 1,
        1, 1, 1, 1, 1, 1, 1, 1, 1, 1, 1, 1, 1, 1, 1, 1, 1, 1, 1, 1, 1, 1, 1, 1,
        1, 1, 1, 1, 1, 1, 1, 1, 1, 1, 1, 1, 1, 1, 1, 1, 1, 1, 1, 1, 1, 1, 1, 1,
        1, 1, 1, 1, 1, 1, 1, 1, 1, 1, 1, 1, 1, 1, 1, 1, 1, 1, 1, 1, 1, 1, 1, 1,
        1, 1, 1, 1, 1, 1, 1, 1, 1, 1, 1, 1])",28,75
"The subjects offered in the fourth year, second semester of computer science include CS PRACTICUM & INDUSTRY IMMERSION",what courses are covered in the Second Semester of the Fourth Year for Computer Science,28,76,"tensor([  101,  1184,  4770,  1132,  2262,  1107,  1103,  2307, 22087,  6801,
         2083,  1104,  1103,  7652,  2381,  1111,  6701,  2444,  1109,  5174,
         2356,  1107,  1103,  2223,  1214,   117,  1248, 14594,  1104,  2775,
         2598,  1511, 24821, 11629,  8101, 21669, 23520,  2107,   111, 15969,
         2137, 13329, 23313,  3663,   146, 25290,  9637, 13882, 11414,   102])","tensor([1, 1, 1, 1, 1, 1, 1, 1, 1, 1, 1, 1, 1, 1, 1, 1, 1, 1, 1, 1, 1, 1, 1, 1,
        1, 1, 1, 1, 1, 1, 1, 1, 1, 1, 1, 1, 1, 1, 1, 1, 1, 1, 1, 1, 1, 1, 1, 1,
        1, 1])",28,76
"The subjects offered in the first year, first semester of entertainment and multi media computing or the emc include COLLEGE ENGLISH, FUNDAMENTALS OF PROGRAMMING WITH LAB, INFORMATION COMMUNICATION TECHNOLOGY GAME AND MULTI MEDIA, INTRODUCTION TO COMPUTING WITH LAB, SCIENCE TECHNOLOGY AND SOCIETY, THE CONTEMPORARY WORLD, UNDERSTANDING SELF, VERITAS ET MISERICODIA 1",what courses are covered in the First Semester of the First Year for Emc,28,108,"tensor([  101,  1184,  4770,  1132,  2262,  1107,  1103,  1752, 22087,  6801,
         2083,  1104,  1103,  1752,  2381,  1111, 18653,  1665,  1109,  5174,
         2356,  1107,  1103,  1148,  1214,   117,  1148, 14594,  1104,  5936,
         1105,  4321,  2394, 12783,  1137,  1103,  9712,  1665,  1511, 18732,
        23955, 17020,  2036,   142, 11780,  2162,  6258,  3048,   117,   143,
        27370, 11392, 14424, 15681, 12507,  1708, 11345, 11629,  2346, 27617,
        10964, 14038, 11780,   160, 12150,  3048, 10722,  2064,   117, 15969,
         2271,  9565,  8271, 21669, 11414, 18732, 25290, 27370,  9741, 13821,
        24805,   157,  8231,  3048,  2249, 13901,  2346,  2349,  3663, 20173,
        14424, 16716,   150,  2591, 26909,  2240, 22157, 17243,  1592,   117,
        15969, 23313, 15609, 21986, 21669, 11414, 16972, 18732, 12347, 16830,
        15740,   160, 12150,  3048, 10722,  2064,   117,  9314, 17444, 15517,
         2036,   157,  8231,  3048,  2249, 13901,  2346,  2349,  3663, 16716,
          156,  9244, 17444, 16880,   117,  7462, 18732, 15681, 15577, 23329,
         9664,  2069,  3663,   160,  9565, 20521,   117,  7414, 20427,  8900,
         9159, 16769, 15740, 12342, 25470,   117,   159,  9637, 12150, 10719,
        27269, 26574, 12649, 20595, 15678, 17243,  1592,   122,   102])","tensor([1, 1, 1, 1, 1, 1, 1, 1, 1, 1, 1, 1, 1, 1, 1, 1, 1, 1, 1, 1, 1, 1, 1, 1,
        1, 1, 1, 1, 1, 1, 1, 1, 1, 1, 1, 1, 1, 1, 1, 1, 1, 1, 1, 1, 1, 1, 1, 1,
        1, 1, 1, 1, 1, 1, 1, 1, 1, 1, 1, 1, 1, 1, 1, 1, 1, 1, 1, 1, 1, 1, 1, 1,
        1, 1, 1, 1, 1, 1, 1, 1, 1, 1, 1, 1, 1, 1, 1, 1, 1, 1, 1, 1, 1, 1, 1, 1,
        1, 1, 1, 1, 1, 1, 1, 1, 1, 1, 1, 1, 1, 1, 1, 1, 1, 1, 1, 1, 1, 1, 1, 1,
        1, 1, 1, 1, 1, 1, 1, 1, 1, 1, 1, 1, 1, 1, 1, 1, 1, 1, 1, 1, 1, 1, 1, 1,
        1, 1, 1, 1, 1, 1, 1, 1, 1, 1, 1, 1, 1, 1, 1, 1, 1, 1, 1, 1, 1, 1, 1, 1,
        1])",28,108
"The subjects offered in the first year, second semester of entertainment and multi media computing or the emc include CRITICAL READING WRITING AND THINKING, FREE HAND AND DIGITAL DRAWING WITH LAB, INTERMEDIATE PROGRAMMING WITH LAB, MATHEMATICS IN THE MODERN WORLD, PURPOSIVE COMMUNICATION, READINGS IN PHILIPPINE HISTORY, VERITAS ET MISERICORDIA 2, WEB DEVELOPMENT WITH LAB",what courses are covered in the Second Semester of the First Year for Emc,28,109,"tensor([  101,  1184,  4770,  1132,  2262,  1107,  1103,  2307, 22087,  6801,
         2083,  1104,  1103,  1752,  2381,  1111, 18653,  1665,  1109,  5174,
         2356,  1107,  1103,  1148,  1214,   117,  1248, 14594,  1104,  5936,
         1105,  4321,  2394, 12783,  1137,  1103,  9712,  1665,  1511, 15531,
        12150,  9741, 12507,   155, 12420, 17243, 11780, 26476, 12150, 15740,
        16716,   157,  3048, 11607,  2428, 15740,   117,   143, 16941,  2036,
          145, 14962,  2137, 16716,   141, 23413, 12150, 12507, 22219,  1592,
        25190, 11780,   160, 12150,  3048, 10722,  2064,   117, 15969, 12880,
         2069, 14424, 17243, 13821,  2036, 11629,  2346, 27617, 10964, 14038,
        11780,   160, 12150,  3048, 10722,  2064,   117,  9960, 24162, 15577,
        13821,  9741,  1708, 15969,  7462,   150, 15609,  9637,  2249,   160,
         9565, 20521,   117,   153, 19556, 23329, 13882, 17145, 18732, 25290,
        27370,  9741, 13821, 24805,   117,   155, 12420, 17243, 11780,  1708,
        15969,   153,  3048, 17656, 11410, 23203, 22680,   145,  6258, 18082,
         2069,  3663,   117,   159,  9637, 12150, 10719, 27269, 26574, 12649,
        20595, 15678, 23354,  9984,   123,   117,   160,  2036,  2064, 18581,
        17145,  2162, 17195, 14424, 15681,   160, 12150,  3048, 10722,  2064,
          102])","tensor([1, 1, 1, 1, 1, 1, 1, 1, 1, 1, 1, 1, 1, 1, 1, 1, 1, 1, 1, 1, 1, 1, 1, 1,
        1, 1, 1, 1, 1, 1, 1, 1, 1, 1, 1, 1, 1, 1, 1, 1, 1, 1, 1, 1, 1, 1, 1, 1,
        1, 1, 1, 1, 1, 1, 1, 1, 1, 1, 1, 1, 1, 1, 1, 1, 1, 1, 1, 1, 1, 1, 1, 1,
        1, 1, 1, 1, 1, 1, 1, 1, 1, 1, 1, 1, 1, 1, 1, 1, 1, 1, 1, 1, 1, 1, 1, 1,
        1, 1, 1, 1, 1, 1, 1, 1, 1, 1, 1, 1, 1, 1, 1, 1, 1, 1, 1, 1, 1, 1, 1, 1,
        1, 1, 1, 1, 1, 1, 1, 1, 1, 1, 1, 1, 1, 1, 1, 1, 1, 1, 1, 1, 1, 1, 1, 1,
        1, 1, 1, 1, 1, 1, 1, 1, 1, 1, 1, 1, 1, 1, 1, 1, 1, 1, 1, 1, 1, 1, 1, 1,
        1, 1, 1])",28,109
"The subjects offered in the second year, first semester of entertainment and multi media computing or the emc include AUTO DESIGN AND SOUND ENGINEERING WITH LAB, DATA STRUCTURES AND ALGORITHM WITH LAB, ETHICS, INTRODUCTION TO GAME DESIGN AND DEVELOPMENT WITH LAB, PC ASSEMBLY TROUBLESHOOTING AND MAINTENANCE, PHYSICAL EDUCATION 3, SCRIPT WRITING AND STORY BOARD AND DESIGN WITH LAB, VERITAS ET MISERICORDIA 3",what courses are covered in the First Semester of the Second Year for Emc,28,109,"tensor([  101,  1184,  4770,  1132,  2262,  1107,  1103,  1752, 22087,  6801,
         2083,  1104,  1103,  2307,  2381,  1111, 18653,  1665,  1109,  5174,
         2356,  1107,  1103,  1248,  1214,   117,  1148, 14594,  1104,  5936,
         1105,  4321,  2394, 12783,  1137,  1103,  9712,  1665,  1511, 21646,
        18082, 18581, 13882,  2349,  2249, 16716,   156,  2346, 27370,  2137,
          142, 11780, 11607, 27073, 20595, 11780,   160, 12150,  3048, 10722,
         2064,   117,   141, 13821,  1592, 23676,  2069, 21986, 27074, 16941,
         1708, 16716, 18589,  2349,  9565, 12150,  3048,  2107,   160, 12150,
         3048, 10722,  2064,   117, 27269,  3048,  9741,  1708,   117, 15969,
        23313, 15609, 21986, 21669, 11414, 16972, 20173, 14424, 18581, 13882,
         2349,  2249, 16716, 18581, 17145,  2162, 17195, 14424, 15681,   160,
        12150,  3048, 10722,  2064,   117,  7054, 15278, 12649, 20660,  2162,
         3663,   157, 21564,  2591, 13360,  9919,  3048,  2346, 14697, 15740,
        16716,  9960, 11607, 12880, 11185, 15517,  2036,   117,   153,  3048,
         3663, 13882, 11356,  2162,   142,  2137, 21986, 13821, 24805,   124,
          117,  9314, 20595,  2101,  1942, 26476, 12150, 15740, 16716, 23676,
         9565,  3663,   139, 23579, 23354, 16716, 18581, 13882,  2349,  2249,
          160, 12150,  3048, 10722,  2064,   117,   159,  9637, 12150, 10719,
        27269, 26574, 12649, 20595, 15678, 23354,  9984,   124,   102])","tensor([1, 1, 1, 1, 1, 1, 1, 1, 1, 1, 1, 1, 1, 1, 1, 1, 1, 1, 1, 1, 1, 1, 1, 1,
        1, 1, 1, 1, 1, 1, 1, 1, 1, 1, 1, 1, 1, 1, 1, 1, 1, 1, 1, 1, 1, 1, 1, 1,
        1, 1, 1, 1, 1, 1, 1, 1, 1, 1, 1, 1, 1, 1, 1, 1, 1, 1, 1, 1, 1, 1, 1, 1,
        1, 1, 1, 1, 1, 1, 1, 1, 1, 1, 1, 1, 1, 1, 1, 1, 1, 1, 1, 1, 1, 1, 1, 1,
        1, 1, 1, 1, 1, 1, 1, 1, 1, 1, 1, 1, 1, 1, 1, 1, 1, 1, 1, 1, 1, 1, 1, 1,
        1, 1, 1, 1, 1, 1, 1, 1, 1, 1, 1, 1, 1, 1, 1, 1, 1, 1, 1, 1, 1, 1, 1, 1,
        1, 1, 1, 1, 1, 1, 1, 1, 1, 1, 1, 1, 1, 1, 1, 1, 1, 1, 1, 1, 1, 1, 1, 1,
        1, 1, 1, 1, 1, 1, 1, 1, 1, 1, 1, 1, 1, 1, 1, 1, 1, 1, 1, 1, 1])",28,109
"The subjects offered in the second year, second semester of entertainment and multi media computing or the emc include COMPUTER GRAPHICS PROGRAMMING WITH LAB, DIGITAL LOGIC AND DESIGN, PHILIPPINE POLITICS GOVERNANCE AND CITIZENSHIP, PHYSICAL EDUCATION 4, PRINCIPLES OF 2D ANIMATION WITH LAB, PRINCIPLES OF 3D ANIMATION WITH LAB, USIBILITY HCI AND USER INTERACTION DESIGN WITH LAB, VERITAS ET MISERICORDIA 4",what courses are covered in the Second Semester of the Second Year for Emc,28,110,"tensor([  101,  1184,  4770,  1132,  2262,  1107,  1103,  2307, 22087,  6801,
         2083,  1104,  1103,  2307,  2381,  1111, 18653,  1665,  1109,  5174,
         2356,  1107,  1103,  1248,  1214,   117,  1248, 14594,  1104,  5936,
         1105,  4321,  2394, 12783,  1137,  1103,  9712,  1665,  1511, 18732,
        12347, 16830,  9637,   144,  9664,  2101,  3048,  9741,  1708, 11629,
         2346, 27617, 10964, 14038, 11780,   160, 12150,  3048, 10722,  2064,
          117,   141, 23413, 12150, 12507,   149,  2346, 21065,  1658, 16716,
        18581, 13882,  2349,  2249,   117,   153,  3048, 17656, 11410, 23203,
        22680,   153, 13901, 12150,  9741,  1708, 27157, 17145, 15654, 15517,
         2036, 16716,   140, 12150,  2240,  5301, 11680,  1708,  3048, 11410,
          117,   153,  3048,  3663, 13882, 11356,  2162,   142,  2137, 21986,
        13821, 24805,   125,   117, 11629, 11607, 19747, 27258,  9919, 11345,
        22947, 23096, 13371, 13821, 24805,   160, 12150,  3048, 10722,  2064,
          117, 11629, 11607, 19747, 27258,  9919, 11345,  7860, 23096, 13371,
        13821, 24805,   160, 12150,  3048, 10722,  2064,   117,  1646, 27954,
        17656, 12150,  3663, 18315,  2240, 16716,  1646,  9637, 15969, 12880,
         9664, 16647, 24805, 18581, 13882,  2349,  2249,   160, 12150,  3048,
        10722,  2064,   117,   159,  9637, 12150, 10719, 27269, 26574, 12649,
        20595, 15678, 23354,  9984,   125,   102])","tensor([1, 1, 1, 1, 1, 1, 1, 1, 1, 1, 1, 1, 1, 1, 1, 1, 1, 1, 1, 1, 1, 1, 1, 1,
        1, 1, 1, 1, 1, 1, 1, 1, 1, 1, 1, 1, 1, 1, 1, 1, 1, 1, 1, 1, 1, 1, 1, 1,
        1, 1, 1, 1, 1, 1, 1, 1, 1, 1, 1, 1, 1, 1, 1, 1, 1, 1, 1, 1, 1, 1, 1, 1,
        1, 1, 1, 1, 1, 1, 1, 1, 1, 1, 1, 1, 1, 1, 1, 1, 1, 1, 1, 1, 1, 1, 1, 1,
        1, 1, 1, 1, 1, 1, 1, 1, 1, 1, 1, 1, 1, 1, 1, 1, 1, 1, 1, 1, 1, 1, 1, 1,
        1, 1, 1, 1, 1, 1, 1, 1, 1, 1, 1, 1, 1, 1, 1, 1, 1, 1, 1, 1, 1, 1, 1, 1,
        1, 1, 1, 1, 1, 1, 1, 1, 1, 1, 1, 1, 1, 1, 1, 1, 1, 1, 1, 1, 1, 1, 1, 1,
        1, 1, 1, 1, 1, 1, 1, 1, 1, 1, 1, 1, 1, 1, 1, 1, 1, 1])",28,110
"The subjects offered in the third year, first semester of entertainment and multi media computing or the emc include ADVANCED SOUND PRODUCTION WITH LAB, APPLICATION DEVELOPMENT AND EMERGING TECHNOLOGIES WITH LAB, GRAPHICS AND VISUAL COMPUTING WITH LAB, IMAGE AND VIDEO PROCESSING WITH LAB, IT PROJECT MANAGEMENT, MODELLING AND RIGGING WITH LAB, SOCIAL ETHICAL AND PROFESSIONAL ISSUES IN COMPUTING WITH LEGAL ASPECTS, STATISTICS FOR COMPUTING RESEARCH",what courses are covered in the First Semester of the Third Year for Emc,28,108,"tensor([  101,  1184,  4770,  1132,  2262,  1107,  1103,  1752, 22087,  6801,
         2083,  1104,  1103,  4180,  2381,  1111, 18653,  1665,  1109,  5174,
         2356,  1107,  1103,  1503,  1214,   117,  1148, 14594,  1104,  5936,
         1105,  4321,  2394, 12783,  1137,  1103,  9712,  1665,  1511,  5844,
        12152, 15517, 10069,   156,  2346, 27370,  2137, 11629, 15609, 21986,
        21669, 11414,   160, 12150,  3048, 10722,  2064,   117, 10997, 27258,
         9741, 13821, 24805, 18581, 17145,  2162, 17195, 14424, 15681, 16716,
          142, 14424,  2069, 21065, 11780,   157,  8231,  3048,  2249, 13901,
         2346, 21065,  9919,   160, 12150,  3048, 10722,  2064,   117,   144,
         9664,  2101,  3048,  9741,  1708, 16716,  7118, 17281, 12507, 18732,
        12347, 16830, 15740,   160, 12150,  3048, 10722,  2064,   117,   146,
         8271, 16523, 16716,  7118, 20427,  2346, 11629,  9244,  9919, 13882,
        11780,   160, 12150,  3048, 10722,  2064,   117,  9686, 11629,  2346,
         4538,  8231,  1942,  9960, 11185, 16523, 14424, 15681,   117,   150,
        15609, 21678,  2162, 15740, 16716,   155, 23413, 21065, 11780,   160,
        12150,  3048, 10722,  2064,   117,   156,  9244,  9984,  2162, 27269,
         3048,  9741, 12507, 16716, 11629,  2346,  2271,  9919, 13882, 11414,
        12507, 19432, 17281,  9919, 15969, 18732, 12347, 16830, 15740,   160,
        12150,  3048,   149, 17020, 12507, 15278,  2101,  8231, 11365,   117,
        23676, 13821,  6258, 21669, 12122,   143,  9565, 18732, 12347, 16830,
        15740,   155,  9919, 12420, 10036,  3048,   102])","tensor([1, 1, 1, 1, 1, 1, 1, 1, 1, 1, 1, 1, 1, 1, 1, 1, 1, 1, 1, 1, 1, 1, 1, 1,
        1, 1, 1, 1, 1, 1, 1, 1, 1, 1, 1, 1, 1, 1, 1, 1, 1, 1, 1, 1, 1, 1, 1, 1,
        1, 1, 1, 1, 1, 1, 1, 1, 1, 1, 1, 1, 1, 1, 1, 1, 1, 1, 1, 1, 1, 1, 1, 1,
        1, 1, 1, 1, 1, 1, 1, 1, 1, 1, 1, 1, 1, 1, 1, 1, 1, 1, 1, 1, 1, 1, 1, 1,
        1, 1, 1, 1, 1, 1, 1, 1, 1, 1, 1, 1, 1, 1, 1, 1, 1, 1, 1, 1, 1, 1, 1, 1,
        1, 1, 1, 1, 1, 1, 1, 1, 1, 1, 1, 1, 1, 1, 1, 1, 1, 1, 1, 1, 1, 1, 1, 1,
        1, 1, 1, 1, 1, 1, 1, 1, 1, 1, 1, 1, 1, 1, 1, 1, 1, 1, 1, 1, 1, 1, 1, 1,
        1, 1, 1, 1, 1, 1, 1, 1, 1, 1, 1, 1, 1, 1, 1, 1, 1, 1, 1, 1, 1, 1, 1, 1,
        1, 1, 1, 1, 1, 1, 1, 1, 1, 1, 1, 1, 1, 1, 1])",28,108
"The subjects offered in the third year, second semester of entertainment and multi media computing or the emc include ADVANCED 2D ANIMATION WITH LAB, ADVANCED 3D ANIMATION AND SCRIPTING WITH LAB, COMPOSITING AND RENDERING WITH LA, DESIGN AND PRODUCTION PROCESS, INFORMATION ASSURANCE AND SECURITY 1 WITH LAB, LIGHTNING AND EFFECTS WITH LAB, TEXTURE AND MAPPING WITH LAB, EMC CAPSTONE PROJECT 1",what courses are covered in the Second Semester of the Third Year for Emc,28,109,"tensor([  101,  1184,  4770,  1132,  2262,  1107,  1103,  2307, 22087,  6801,
         2083,  1104,  1103,  4180,  2381,  1111, 18653,  1665,  1109,  5174,
         2356,  1107,  1103,  1503,  1214,   117,  1248, 14594,  1104,  5936,
         1105,  4321,  2394, 12783,  1137,  1103,  9712,  1665,  1511,  5844,
        12152, 15517, 10069, 22947, 23096, 13371, 13821, 24805,   160, 12150,
         3048, 10722,  2064,   117,  5844, 12152, 15517, 10069,  7860, 23096,
        13371, 13821, 24805, 16716,  9314, 20595,  2101, 21669, 11780,   160,
        12150,  3048, 10722,  2064,   117, 18732, 12347,  9025, 12150, 15740,
        16716,   155, 11680, 20427, 20595, 11780,   160, 12150,  3048, 10722,
          117, 18581, 13882,  2349,  2249, 16716, 11629, 15609, 21986, 21669,
        11414, 11629,  9244,  9919,  1708,   117, 15969,  2271,  9565,  8271,
        21669, 11414, 15278, 17281,  9664, 15517,  2036, 16716, 15374, 19556,
        12150,  3663,   122,   160, 12150,  3048, 10722,  2064,   117,   149,
        23413, 18784, 27451, 11780, 16716,   142, 17515,  8231, 11365,   160,
        12150,  3048, 10722,  2064,   117,   157, 24654, 27074, 16941, 16716,
         9960, 20923, 15740,   160, 12150,  3048, 10722,  2064,   117,   142,
        10044,  8784, 10197, 18082, 22680, 11629,  2346,  4538,  8231,  1942,
          122,   102])","tensor([1, 1, 1, 1, 1, 1, 1, 1, 1, 1, 1, 1, 1, 1, 1, 1, 1, 1, 1, 1, 1, 1, 1, 1,
        1, 1, 1, 1, 1, 1, 1, 1, 1, 1, 1, 1, 1, 1, 1, 1, 1, 1, 1, 1, 1, 1, 1, 1,
        1, 1, 1, 1, 1, 1, 1, 1, 1, 1, 1, 1, 1, 1, 1, 1, 1, 1, 1, 1, 1, 1, 1, 1,
        1, 1, 1, 1, 1, 1, 1, 1, 1, 1, 1, 1, 1, 1, 1, 1, 1, 1, 1, 1, 1, 1, 1, 1,
        1, 1, 1, 1, 1, 1, 1, 1, 1, 1, 1, 1, 1, 1, 1, 1, 1, 1, 1, 1, 1, 1, 1, 1,
        1, 1, 1, 1, 1, 1, 1, 1, 1, 1, 1, 1, 1, 1, 1, 1, 1, 1, 1, 1, 1, 1, 1, 1,
        1, 1, 1, 1, 1, 1, 1, 1, 1, 1, 1, 1, 1, 1, 1, 1, 1, 1, 1, 1, 1, 1, 1, 1,
        1, 1, 1, 1])",28,109
"The subjects offered in the fourth year, first semester of entertainment and multi media computing or the emc include CURRENT TRENTS IN COMPUTING, EMC CAPSTONE PROJECT 2, INFORMATION MANAGEMENT WITH LAB, INTELLIGENT SYSTEMS WITH LAB, PARALLEL AND DISTRIBUTED COMPUTING WITH LAB, ART APPRECIATION, THE LIFE WORKS AND WRITINGS OF RIZAL, ANIMATION DESIGN AND PRODUCTION WITH LAB",what courses are covered in the First Semester of the Fourth Year for Emc,28,109,"tensor([  101,  1184,  4770,  1132,  2262,  1107,  1103,  1752, 22087,  6801,
         2083,  1104,  1103,  7652,  2381,  1111, 18653,  1665,  1109,  5174,
         2356,  1107,  1103,  2223,  1214,   117,  1148, 14594,  1104,  5936,
         1105,  4321,  2394, 12783,  1137,  1103,  9712,  1665,  1511,   140,
        19556, 16941, 15681,   157, 16941, 15681,  1708, 15969, 18732, 12347,
        16830, 15740,   117,   142, 10044,  8784, 10197, 18082, 22680, 11629,
         2346,  4538,  8231,  1942,   123,   117, 15969,  2271,  9565,  8271,
        21669, 11414,  9960, 11185, 16523, 14424, 15681,   160, 12150,  3048,
        10722,  2064,   117, 15969, 12880, 23955, 23413, 11680,  1942,   156,
         3663,  9272, 15577,  1708,   160, 12150,  3048, 10722,  2064,   117,
         8544,  9664, 23955, 21678, 16716,   141,  6258, 23313, 27954, 16830,
        10069, 18732, 12347, 16830, 15740,   160, 12150,  3048, 10722,  2064,
          117, 22133,  1942, 10997, 22861,  8231,  9984, 21669, 11414,   117,
         7462,   149, 15499,  2036,   160,  9565, 25370, 16716, 26476, 12150,
        15740,  1708, 11345,   155,  2240,  5301, 12507,   117, 23096, 13371,
        13821, 24805, 18581, 13882,  2349,  2249, 16716, 11629, 15609, 21986,
        21669, 11414,   160, 12150,  3048, 10722,  2064,   102])","tensor([1, 1, 1, 1, 1, 1, 1, 1, 1, 1, 1, 1, 1, 1, 1, 1, 1, 1, 1, 1, 1, 1, 1, 1,
        1, 1, 1, 1, 1, 1, 1, 1, 1, 1, 1, 1, 1, 1, 1, 1, 1, 1, 1, 1, 1, 1, 1, 1,
        1, 1, 1, 1, 1, 1, 1, 1, 1, 1, 1, 1, 1, 1, 1, 1, 1, 1, 1, 1, 1, 1, 1, 1,
        1, 1, 1, 1, 1, 1, 1, 1, 1, 1, 1, 1, 1, 1, 1, 1, 1, 1, 1, 1, 1, 1, 1, 1,
        1, 1, 1, 1, 1, 1, 1, 1, 1, 1, 1, 1, 1, 1, 1, 1, 1, 1, 1, 1, 1, 1, 1, 1,
        1, 1, 1, 1, 1, 1, 1, 1, 1, 1, 1, 1, 1, 1, 1, 1, 1, 1, 1, 1, 1, 1, 1, 1,
        1, 1, 1, 1, 1, 1, 1, 1, 1, 1, 1, 1, 1, 1, 1, 1, 1, 1, 1, 1, 1, 1, 1, 1])",28,109
"The subjects offered in the fourth year, second semester of entertainment and multi media computing or the emc include EMC PRACTICUM AND INDUSTRY IMMERSION, ART APPRECIATION",what courses are covered in the Second Semester of the Fourth Year for Emc,28,110,"tensor([  101,  1184,  4770,  1132,  2262,  1107,  1103,  2307, 22087,  6801,
         2083,  1104,  1103,  7652,  2381,  1111, 18653,  1665,  1109,  5174,
         2356,  1107,  1103,  2223,  1214,   117,  1248, 14594,  1104,  5936,
         1105,  4321,  2394, 12783,  1137,  1103,  9712,  1665,  1511,   142,
        10044, 11629,  8101, 21669, 23520,  2107, 16716, 15969,  2137, 13329,
        23313,  3663,   146, 25290,  9637, 13882, 11414,   117, 22133,  1942,
        10997, 22861,  8231,  9984, 21669, 11414,   102])","tensor([1, 1, 1, 1, 1, 1, 1, 1, 1, 1, 1, 1, 1, 1, 1, 1, 1, 1, 1, 1, 1, 1, 1, 1,
        1, 1, 1, 1, 1, 1, 1, 1, 1, 1, 1, 1, 1, 1, 1, 1, 1, 1, 1, 1, 1, 1, 1, 1,
        1, 1, 1, 1, 1, 1, 1, 1, 1, 1, 1, 1, 1, 1, 1, 1, 1, 1, 1])",28,110
"The subjects offered in the first year, first semester of information technology or the IT include COLLEGE ENGLISH, FUNDAMENTALS OF PROGRAMMING WITH LAB, INTRODUCTION TO COMPUTING WITH LAB, PC ASSEMBLY TROUBLESHOOTING AND MAINTENANCE, SCIENCE TECHNOLOGY AND SOCIETY, THE CONTEMPORARY WORLD, UNDERSTANDING SELF, VERITAS ET MISERICODIA 1",what courses are covered in the First Semester of the First Year for IT,28,90,"tensor([  101,  1184,  4770,  1132,  2262,  1107,  1103,  1752, 22087,  6801,
         2083,  1104,  1103,  1752,  2381,  1111,  9686,  1109,  5174,  2356,
         1107,  1103,  1148,  1214,   117,  1148, 14594,  1104,  1869,  2815,
         1137,  1103,  9686,  1511, 18732, 23955, 17020,  2036,   142, 11780,
         2162,  6258,  3048,   117,   143, 27370, 11392, 14424, 15681, 12507,
         1708, 11345, 11629,  2346, 27617, 10964, 14038, 11780,   160, 12150,
         3048, 10722,  2064,   117, 15969, 23313, 15609, 21986, 21669, 11414,
        16972, 18732, 12347, 16830, 15740,   160, 12150,  3048, 10722,  2064,
          117,  7054, 15278, 12649, 20660,  2162,  3663,   157, 21564,  2591,
        13360,  9919,  3048,  2346, 14697, 15740, 16716,  9960, 11607, 12880,
        11185, 15517,  2036,   117,  9314, 17444, 15517,  2036,   157,  8231,
         3048,  2249, 13901,  2346,  2349,  3663, 16716,   156,  9244, 17444,
        16880,   117,  7462, 18732, 15681, 15577, 23329,  9664,  2069,  3663,
          160,  9565, 20521,   117,  7414, 20427,  8900,  9159, 16769, 15740,
        12342, 25470,   117,   159,  9637, 12150, 10719, 27269, 26574, 12649,
        20595, 15678, 17243,  1592,   122,   102])","tensor([1, 1, 1, 1, 1, 1, 1, 1, 1, 1, 1, 1, 1, 1, 1, 1, 1, 1, 1, 1, 1, 1, 1, 1,
        1, 1, 1, 1, 1, 1, 1, 1, 1, 1, 1, 1, 1, 1, 1, 1, 1, 1, 1, 1, 1, 1, 1, 1,
        1, 1, 1, 1, 1, 1, 1, 1, 1, 1, 1, 1, 1, 1, 1, 1, 1, 1, 1, 1, 1, 1, 1, 1,
        1, 1, 1, 1, 1, 1, 1, 1, 1, 1, 1, 1, 1, 1, 1, 1, 1, 1, 1, 1, 1, 1, 1, 1,
        1, 1, 1, 1, 1, 1, 1, 1, 1, 1, 1, 1, 1, 1, 1, 1, 1, 1, 1, 1, 1, 1, 1, 1,
        1, 1, 1, 1, 1, 1, 1, 1, 1, 1, 1, 1, 1, 1, 1, 1, 1, 1, 1, 1, 1, 1, 1, 1,
        1, 1, 1, 1, 1, 1, 1, 1, 1, 1, 1, 1])",28,90
"The subjects offered in the first year, second semester of information technology or the IT include CRITICAL READING WRITING AND THINKING, DIGITAL LOGIC AND DESIGN, INTERMEDIATE PROGRAMMING WITH LAB, MATHEMATICS IN THE MODERN WORLD, PURPOSIVE COMMUNICATION, READINGS IN PHILIPPINE HISTORY, VERITAS ET MISERICORDIA 2, WEB DEVELOPMENT WITH LAB",what courses are covered in the Second Semester of the First Year for IT,28,91,"tensor([  101,  1184,  4770,  1132,  2262,  1107,  1103,  2307, 22087,  6801,
         2083,  1104,  1103,  1752,  2381,  1111,  9686,  1109,  5174,  2356,
         1107,  1103,  1148,  1214,   117,  1248, 14594,  1104,  1869,  2815,
         1137,  1103,  9686,  1511, 15531, 12150,  9741, 12507,   155, 12420,
        17243, 11780, 26476, 12150, 15740, 16716,   157,  3048, 11607,  2428,
        15740,   117,   141, 23413, 12150, 12507,   149,  2346, 21065,  1658,
        16716, 18581, 13882,  2349,  2249,   117, 15969, 12880,  2069, 14424,
        17243, 13821,  2036, 11629,  2346, 27617, 10964, 14038, 11780,   160,
        12150,  3048, 10722,  2064,   117,  9960, 24162, 15577, 13821,  9741,
         1708, 15969,  7462,   150, 15609,  9637,  2249,   160,  9565, 20521,
          117,   153, 19556, 23329, 13882, 17145, 18732, 25290, 27370,  9741,
        13821, 24805,   117,   155, 12420, 17243, 11780,  1708, 15969,   153,
         3048, 17656, 11410, 23203, 22680,   145,  6258, 18082,  2069,  3663,
          117,   159,  9637, 12150, 10719, 27269, 26574, 12649, 20595, 15678,
        23354,  9984,   123,   117,   160,  2036,  2064, 18581, 17145,  2162,
        17195, 14424, 15681,   160, 12150,  3048, 10722,  2064,   102])","tensor([1, 1, 1, 1, 1, 1, 1, 1, 1, 1, 1, 1, 1, 1, 1, 1, 1, 1, 1, 1, 1, 1, 1, 1,
        1, 1, 1, 1, 1, 1, 1, 1, 1, 1, 1, 1, 1, 1, 1, 1, 1, 1, 1, 1, 1, 1, 1, 1,
        1, 1, 1, 1, 1, 1, 1, 1, 1, 1, 1, 1, 1, 1, 1, 1, 1, 1, 1, 1, 1, 1, 1, 1,
        1, 1, 1, 1, 1, 1, 1, 1, 1, 1, 1, 1, 1, 1, 1, 1, 1, 1, 1, 1, 1, 1, 1, 1,
        1, 1, 1, 1, 1, 1, 1, 1, 1, 1, 1, 1, 1, 1, 1, 1, 1, 1, 1, 1, 1, 1, 1, 1,
        1, 1, 1, 1, 1, 1, 1, 1, 1, 1, 1, 1, 1, 1, 1, 1, 1, 1, 1, 1, 1, 1, 1, 1,
        1, 1, 1, 1, 1, 1, 1, 1, 1, 1, 1, 1, 1, 1, 1])",28,91
"The subjects offered in the second year, first semester of information technology or the IT include DATA STRUCTURES AND ALGORITHM WITH LAB, DISCRETE MATHEMATICS 1, ETHICS, INFORMATION MANAGEMENT WITH LAB, OBJECT ORIENTED PROGRAMMING 1 WITH LAB, PHYSICAL EDUCATION 3, VERITAS ET MISERICORDIA 4, WEB DEVELOPMENT 2 WITH LAB",what courses are covered in the First Semester of the Second Year for IT,28,91,"tensor([  101,  1184,  4770,  1132,  2262,  1107,  1103,  1752, 22087,  6801,
         2083,  1104,  1103,  2307,  2381,  1111,  9686,  1109,  5174,  2356,
         1107,  1103,  1248,  1214,   117,  1148, 14594,  1104,  1869,  2815,
         1137,  1103,  9686,  1511,   141, 13821,  1592, 23676,  2069, 21986,
        27074, 16941,  1708, 16716, 18589,  2349,  9565, 12150,  3048,  2107,
          160, 12150,  3048, 10722,  2064,   117,   141,  6258, 23554, 11943,
         2036,  9960, 24162, 15577, 13821,  9741,  1708,   122,   117, 27269,
         3048,  9741,  1708,   117, 15969,  2271,  9565,  8271, 21669, 11414,
         9960, 11185, 16523, 14424, 15681,   160, 12150,  3048, 10722,  2064,
          117,   152,  2064,  4538,  8231,  1942, 23066, 17444, 15681, 10069,
        11629,  2346, 27617, 10964, 14038, 11780,   122,   160, 12150,  3048,
        10722,  2064,   117,   153,  3048,  3663, 13882, 11356,  2162,   142,
         2137, 21986, 13821, 24805,   124,   117,   159,  9637, 12150, 10719,
        27269, 26574, 12649, 20595, 15678, 23354,  9984,   125,   117,   160,
         2036,  2064, 18581, 17145,  2162, 17195, 14424, 15681,   123,   160,
        12150,  3048, 10722,  2064,   102])","tensor([1, 1, 1, 1, 1, 1, 1, 1, 1, 1, 1, 1, 1, 1, 1, 1, 1, 1, 1, 1, 1, 1, 1, 1,
        1, 1, 1, 1, 1, 1, 1, 1, 1, 1, 1, 1, 1, 1, 1, 1, 1, 1, 1, 1, 1, 1, 1, 1,
        1, 1, 1, 1, 1, 1, 1, 1, 1, 1, 1, 1, 1, 1, 1, 1, 1, 1, 1, 1, 1, 1, 1, 1,
        1, 1, 1, 1, 1, 1, 1, 1, 1, 1, 1, 1, 1, 1, 1, 1, 1, 1, 1, 1, 1, 1, 1, 1,
        1, 1, 1, 1, 1, 1, 1, 1, 1, 1, 1, 1, 1, 1, 1, 1, 1, 1, 1, 1, 1, 1, 1, 1,
        1, 1, 1, 1, 1, 1, 1, 1, 1, 1, 1, 1, 1, 1, 1, 1, 1, 1, 1, 1, 1, 1, 1, 1,
        1, 1, 1, 1, 1, 1, 1, 1, 1, 1, 1])",28,91
"The subjects offered in the second year, second semester of information technology or the IT include APPLICATION DEVELOPMENT AND EMERGING TECHNOLOGIES WITH LAB, DATABASE SYSTEM ADMIN WITH LAB, LINUX FUNDAMENTALS AND ADMINISTRATION WITH LAB, MULTIMEDIA AND DESIGN WITH LAB, OBJECT ORIENTED PROGRAMMING 2 WITH LAB, PHILIPPINE POLITICS GOVERNANCE AND CITIZENSHIP, PHYSICAL EDUCATION 4, QUANTITATIVE METHODS",what courses are covered in the Second Semester of the Second Year for IT,28,82,"tensor([  101,  1184,  4770,  1132,  2262,  1107,  1103,  2307, 22087,  6801,
         2083,  1104,  1103,  2307,  2381,  1111,  9686,  1109,  5174,  2356,
         1107,  1103,  1248,  1214,   117,  1248, 14594,  1104,  1869,  2815,
         1137,  1103,  9686,  1511, 10997, 27258,  9741, 13821, 24805, 18581,
        17145,  2162, 17195, 14424, 15681, 16716,   142, 14424,  2069, 21065,
        11780,   157,  8231,  3048,  2249, 13901,  2346, 21065,  9919,   160,
        12150,  3048, 10722,  2064,   117,   141, 13821, 19985, 10719,  2036,
          156,  3663,  9272, 15577,  5844, 14038,  2249,   160, 12150,  3048,
        10722,  2064,   117,   149, 11607,  2591,  3190,   143, 27370, 11392,
        14424, 15681, 12507,  1708, 16716,  5844, 14038, 27451,  9272,  9664,
        21669, 11414,   160, 12150,  3048, 10722,  2064,   117,   150,  2591,
        26909, 13371, 10069,  9984, 16716, 18581, 13882,  2349,  2249,   160,
        12150,  3048, 10722,  2064,   117,   152,  2064,  4538,  8231,  1942,
        23066, 17444, 15681, 10069, 11629,  2346, 27617, 10964, 14038, 11780,
          123,   160, 12150,  3048, 10722,  2064,   117,   153,  3048, 17656,
        11410, 23203, 22680,   153, 13901, 12150,  9741,  1708, 27157, 17145,
        15654, 15517,  2036, 16716,   140, 12150,  2240,  5301, 11680,  1708,
         3048, 11410,   117,   153,  3048,  3663, 13882, 11356,  2162,   142,
         2137, 21986, 13821, 24805,   125,   117,   154,  2591, 14962, 21669,
         9159, 21669, 17145, 22157, 24162, 15609,  1708,   102])","tensor([1, 1, 1, 1, 1, 1, 1, 1, 1, 1, 1, 1, 1, 1, 1, 1, 1, 1, 1, 1, 1, 1, 1, 1,
        1, 1, 1, 1, 1, 1, 1, 1, 1, 1, 1, 1, 1, 1, 1, 1, 1, 1, 1, 1, 1, 1, 1, 1,
        1, 1, 1, 1, 1, 1, 1, 1, 1, 1, 1, 1, 1, 1, 1, 1, 1, 1, 1, 1, 1, 1, 1, 1,
        1, 1, 1, 1, 1, 1, 1, 1, 1, 1, 1, 1, 1, 1, 1, 1, 1, 1, 1, 1, 1, 1, 1, 1,
        1, 1, 1, 1, 1, 1, 1, 1, 1, 1, 1, 1, 1, 1, 1, 1, 1, 1, 1, 1, 1, 1, 1, 1,
        1, 1, 1, 1, 1, 1, 1, 1, 1, 1, 1, 1, 1, 1, 1, 1, 1, 1, 1, 1, 1, 1, 1, 1,
        1, 1, 1, 1, 1, 1, 1, 1, 1, 1, 1, 1, 1, 1, 1, 1, 1, 1, 1, 1, 1, 1, 1, 1,
        1, 1, 1, 1, 1, 1, 1, 1, 1, 1, 1, 1, 1, 1, 1, 1, 1, 1, 1, 1, 1, 1, 1, 1,
        1, 1, 1, 1, 1, 1])",28,82
"The subjects offered in the third year, first semester of information technology or the IT include HUMAN COMPUTER INTERACTION 1, INFORMATION ASSURANCE AND SECURITY 1 WITH LAB, INTEGRATED PROGRAMMING TECHNOLOGIES 1 WITH LAB, IT PROJECT MANAGEMENT, NETWORKING 1 WITH LAB, SOCIAL ETHICAL AND PROFESSIONAL ISSUES IN COMPUTING WITH LEGAL ASPECTS, STATISTICS FOR COMPUTING RESEARCH, SYSTEM INTEGRATION AND ARCHITECTURE 1 WITH LAB",what courses are covered in the First Semester of the Third Year for IT,28,90,"tensor([  101,  1184,  4770,  1132,  2262,  1107,  1103,  1752, 22087,  6801,
         2083,  1104,  1103,  4180,  2381,  1111,  9686,  1109,  5174,  2356,
         1107,  1103,  1503,  1214,   117,  1148, 14594,  1104,  1869,  2815,
         1137,  1103,  9686,  1511,   145, 25810, 14962, 18732, 12347, 16830,
         9637, 15969, 12880,  9664, 16647, 24805,   122,   117, 15969,  2271,
         9565,  8271, 21669, 11414, 15278, 17281,  9664, 15517,  2036, 16716,
        15374, 19556, 12150,  3663,   122,   160, 12150,  3048, 10722,  2064,
          117, 15969, 12880, 27617, 13821, 10069, 11629,  2346, 27617, 10964,
        14038, 11780,   157,  8231,  3048,  2249, 13901,  2346, 21065,  9919,
          122,   160, 12150,  3048, 10722,  2064,   117,  9686, 11629,  2346,
         4538,  8231,  1942,  9960, 11185, 16523, 14424, 15681,   117, 26546,
         1942,  2924,  9565,  2428, 15740,   122,   160, 12150,  3048, 10722,
         2064,   117,   156,  9244,  9984,  2162, 27269,  3048,  9741, 12507,
        16716, 11629,  2346,  2271,  9919, 13882, 11414, 12507, 19432, 17281,
         9919, 15969, 18732, 12347, 16830, 15740,   160, 12150,  3048,   149,
        17020, 12507, 15278,  2101,  8231, 11365,   117, 23676, 13821,  6258,
        21669, 12122,   143,  9565, 18732, 12347, 16830, 15740,   155,  9919,
        12420, 10036,  3048,   117,   156,  3663,  9272, 15577, 15969, 12880,
        27617, 13821, 24805, 16716, 22133, 23258, 12150,  8231, 27074, 16941,
          122,   160, 12150,  3048, 10722,  2064,   102])","tensor([1, 1, 1, 1, 1, 1, 1, 1, 1, 1, 1, 1, 1, 1, 1, 1, 1, 1, 1, 1, 1, 1, 1, 1,
        1, 1, 1, 1, 1, 1, 1, 1, 1, 1, 1, 1, 1, 1, 1, 1, 1, 1, 1, 1, 1, 1, 1, 1,
        1, 1, 1, 1, 1, 1, 1, 1, 1, 1, 1, 1, 1, 1, 1, 1, 1, 1, 1, 1, 1, 1, 1, 1,
        1, 1, 1, 1, 1, 1, 1, 1, 1, 1, 1, 1, 1, 1, 1, 1, 1, 1, 1, 1, 1, 1, 1, 1,
        1, 1, 1, 1, 1, 1, 1, 1, 1, 1, 1, 1, 1, 1, 1, 1, 1, 1, 1, 1, 1, 1, 1, 1,
        1, 1, 1, 1, 1, 1, 1, 1, 1, 1, 1, 1, 1, 1, 1, 1, 1, 1, 1, 1, 1, 1, 1, 1,
        1, 1, 1, 1, 1, 1, 1, 1, 1, 1, 1, 1, 1, 1, 1, 1, 1, 1, 1, 1, 1, 1, 1, 1,
        1, 1, 1, 1, 1, 1, 1, 1, 1, 1, 1, 1, 1, 1, 1, 1, 1, 1, 1, 1, 1, 1, 1, 1,
        1, 1, 1, 1, 1])",28,90
"The subjects offered in the third year, second semester of information technology or the IT include HUMAN COMPUTER INTERACTION 2, INFORMATION ASSURANCE AND SECURITY 2 WITH LAB, INTEGRATED PROGRAMMING TECHNOLOGIES WITH LAB, IT CAPSTONE PROJECT 1, NETWORKING 2 WITH LAB, SYSTEM INTEGRATION AND ARCHITECTURE 2 WITH LAB",what courses are covered in the Second Semester of the Third Year for IT,28,91,"tensor([  101,  1184,  4770,  1132,  2262,  1107,  1103,  2307, 22087,  6801,
         2083,  1104,  1103,  4180,  2381,  1111,  9686,  1109,  5174,  2356,
         1107,  1103,  1503,  1214,   117,  1248, 14594,  1104,  1869,  2815,
         1137,  1103,  9686,  1511,   145, 25810, 14962, 18732, 12347, 16830,
         9637, 15969, 12880,  9664, 16647, 24805,   123,   117, 15969,  2271,
         9565,  8271, 21669, 11414, 15278, 17281,  9664, 15517,  2036, 16716,
        15374, 19556, 12150,  3663,   123,   160, 12150,  3048, 10722,  2064,
          117, 15969, 12880, 27617, 13821, 10069, 11629,  2346, 27617, 10964,
        14038, 11780,   157,  8231,  3048,  2249, 13901,  2346, 21065,  9919,
          160, 12150,  3048, 10722,  2064,   117,  9686,  8784, 10197, 18082,
        22680, 11629,  2346,  4538,  8231,  1942,   122,   117, 26546,  1942,
         2924,  9565,  2428, 15740,   123,   160, 12150,  3048, 10722,  2064,
          117,   156,  3663,  9272, 15577, 15969, 12880, 27617, 13821, 24805,
        16716, 22133, 23258, 12150,  8231, 27074, 16941,   123,   160, 12150,
         3048, 10722,  2064,   102])","tensor([1, 1, 1, 1, 1, 1, 1, 1, 1, 1, 1, 1, 1, 1, 1, 1, 1, 1, 1, 1, 1, 1, 1, 1,
        1, 1, 1, 1, 1, 1, 1, 1, 1, 1, 1, 1, 1, 1, 1, 1, 1, 1, 1, 1, 1, 1, 1, 1,
        1, 1, 1, 1, 1, 1, 1, 1, 1, 1, 1, 1, 1, 1, 1, 1, 1, 1, 1, 1, 1, 1, 1, 1,
        1, 1, 1, 1, 1, 1, 1, 1, 1, 1, 1, 1, 1, 1, 1, 1, 1, 1, 1, 1, 1, 1, 1, 1,
        1, 1, 1, 1, 1, 1, 1, 1, 1, 1, 1, 1, 1, 1, 1, 1, 1, 1, 1, 1, 1, 1, 1, 1,
        1, 1, 1, 1, 1, 1, 1, 1, 1, 1, 1, 1, 1, 1, 1, 1, 1, 1, 1, 1, 1, 1, 1, 1])",28,91
"The subjects offered in the fourth year, first semester of information technology or the IT include CURRENT TRENTS IN COMPUTING, IT CAPSTONE PROJECT 2, SYSTEM ADMIN AND MAINTENANCE WITH LAB, THE LIFE WORKS AND WRITINGS OF RIZAL, IT PROFESSIONAL ELECTIVE WITH LAB, IT PROFESSIONAL ELECTIVE 2 WITH LAB, ART APPRECIATION, BUSINESS APPLICATION MANAGEMENT",what courses are covered in the First Semester of the Fourth Year for IT,28,91,"tensor([  101,  1184,  4770,  1132,  2262,  1107,  1103,  1752, 22087,  6801,
         2083,  1104,  1103,  7652,  2381,  1111,  9686,  1109,  5174,  2356,
         1107,  1103,  2223,  1214,   117,  1148, 14594,  1104,  1869,  2815,
         1137,  1103,  9686,  1511,   140, 19556, 16941, 15681,   157, 16941,
        15681,  1708, 15969, 18732, 12347, 16830, 15740,   117,  9686,  8784,
        10197, 18082, 22680, 11629,  2346,  4538,  8231,  1942,   123,   117,
          156,  3663,  9272, 15577,  5844, 14038,  2249, 16716,  9960, 11607,
        12880, 11185, 15517,  2036,   160, 12150,  3048, 10722,  2064,   117,
         7462,   149, 15499,  2036,   160,  9565, 25370, 16716, 26476, 12150,
        15740,  1708, 11345,   155,  2240,  5301, 12507,   117,  9686, 11629,
         2346,  2271,  9919, 13882, 11414, 12507,   142, 17516, 16647, 26140,
          160, 12150,  3048, 10722,  2064,   117,  9686, 11629,  2346,  2271,
         9919, 13882, 11414, 12507,   142, 17516, 16647, 26140,   123,   160,
        12150,  3048, 10722,  2064,   117, 22133,  1942, 10997, 22861,  8231,
         9984, 21669, 11414,   117,   139, 13329, 11607,  9919,  1708, 10997,
        27258,  9741, 13821, 24805,  9960, 11185, 16523, 14424, 15681,   102])","tensor([1, 1, 1, 1, 1, 1, 1, 1, 1, 1, 1, 1, 1, 1, 1, 1, 1, 1, 1, 1, 1, 1, 1, 1,
        1, 1, 1, 1, 1, 1, 1, 1, 1, 1, 1, 1, 1, 1, 1, 1, 1, 1, 1, 1, 1, 1, 1, 1,
        1, 1, 1, 1, 1, 1, 1, 1, 1, 1, 1, 1, 1, 1, 1, 1, 1, 1, 1, 1, 1, 1, 1, 1,
        1, 1, 1, 1, 1, 1, 1, 1, 1, 1, 1, 1, 1, 1, 1, 1, 1, 1, 1, 1, 1, 1, 1, 1,
        1, 1, 1, 1, 1, 1, 1, 1, 1, 1, 1, 1, 1, 1, 1, 1, 1, 1, 1, 1, 1, 1, 1, 1,
        1, 1, 1, 1, 1, 1, 1, 1, 1, 1, 1, 1, 1, 1, 1, 1, 1, 1, 1, 1, 1, 1, 1, 1,
        1, 1, 1, 1, 1, 1, 1, 1, 1, 1, 1, 1, 1, 1, 1, 1])",28,91
"The subjects offered in the fourth year, second semester of information technology or the IT include IT PRACTICUM AND INDUSTRY IMMERSION, IT PROFESSIONAL ELECTIVE 5 WITH LAB",what courses are covered in the Second Semester of the Fourth Year for IT,28,92,"tensor([  101,  1184,  4770,  1132,  2262,  1107,  1103,  2307, 22087,  6801,
         2083,  1104,  1103,  7652,  2381,  1111,  9686,  1109,  5174,  2356,
         1107,  1103,  2223,  1214,   117,  1248, 14594,  1104,  1869,  2815,
         1137,  1103,  9686,  1511,  9686, 11629,  8101, 21669, 23520,  2107,
        16716, 15969,  2137, 13329, 23313,  3663,   146, 25290,  9637, 13882,
        11414,   117,  9686, 11629,  2346,  2271,  9919, 13882, 11414, 12507,
          142, 17516, 16647, 26140,   126,   160, 12150,  3048, 10722,  2064,
          102])","tensor([1, 1, 1, 1, 1, 1, 1, 1, 1, 1, 1, 1, 1, 1, 1, 1, 1, 1, 1, 1, 1, 1, 1, 1,
        1, 1, 1, 1, 1, 1, 1, 1, 1, 1, 1, 1, 1, 1, 1, 1, 1, 1, 1, 1, 1, 1, 1, 1,
        1, 1, 1, 1, 1, 1, 1, 1, 1, 1, 1, 1, 1, 1, 1, 1, 1, 1, 1, 1, 1, 1, 1])",28,92
"Saint Benedict Hall have five floors, in the first floor there's Computer Laboratories, PT Laboratories, Student Pavillion, Orchestra/Choral Room. In the second floor there's Deans' Offices, CCS Coordinator's Room, College library, Clinic, IT Office, Guidance Office, Computer Laboratory, Stock Room. In the third floor there's Faculty Room, Lecture Room, CAS Coordinator's Room, OPT Coordinator's Room/Faculty Room. In the fourth floor there's Lecture Room, EdTech Laboratory, Psychology Coordinator's Room/Faculty Room. In the fifth floor there's Psychology laboratory, Digital & Robotics Laboratory, Chemistry Laboratory, Lecture Room",Tell me about Saint Benedict Hall,0,56,"tensor([  101,  4630,  1143,  1164,  2216, 12334,  1944,  2216, 12334,  1944,
         1138,  1421,  7849,   117,  1107,  1103,  1148,  1837,  1175,   112,
          188,  6701, 23874,   117, 22216, 23874,   117,  7646, 19585, 15655,
        12489,   117,  4590,   120, 22964,  4412,  7043,   119,  1130,  1103,
         1248,  1837,  1175,   112,   188,  4285,  1116,   112,  3060,  1116,
          117, 21362,  1708, 25561,   112,   188,  7043,   117,  1531,  3340,
          117, 18601,   117,  9686,  3060,   117,   144, 16423,  3923,  3060,
          117,  6701,  8891,   117,  9924,  7043,   119,  1130,  1103,  1503,
         1837,  1175,   112,   188,  6694,  7043,   117, 22842,  7043,   117,
         8784,  1708, 25561,   112,   188,  7043,   117,   152,  2101,  1942,
        25561,   112,   188,  7043,   120,  6694,  7043,   119,  1130,  1103,
         2223,  1837,  1175,   112,   188, 22842,  7043,   117,  5316,  1942,
        11252,  8891,   117, 11695, 25561,   112,   188,  7043,   120,  6694,
         7043,   119,  1130,  1103,  3049,  1837,  1175,   112,   188, 11695,
         8087,   117,  6082,   111, 20354,  4724,  8891,   117, 10847,  8891,
          117, 22842,  7043,   102])","tensor([1, 1, 1, 1, 1, 1, 1, 1, 1, 1, 1, 1, 1, 1, 1, 1, 1, 1, 1, 1, 1, 1, 1, 1,
        1, 1, 1, 1, 1, 1, 1, 1, 1, 1, 1, 1, 1, 1, 1, 1, 1, 1, 1, 1, 1, 1, 1, 1,
        1, 1, 1, 1, 1, 1, 1, 1, 1, 1, 1, 1, 1, 1, 1, 1, 1, 1, 1, 1, 1, 1, 1, 1,
        1, 1, 1, 1, 1, 1, 1, 1, 1, 1, 1, 1, 1, 1, 1, 1, 1, 1, 1, 1, 1, 1, 1, 1,
        1, 1, 1, 1, 1, 1, 1, 1, 1, 1, 1, 1, 1, 1, 1, 1, 1, 1, 1, 1, 1, 1, 1, 1,
        1, 1, 1, 1, 1, 1, 1, 1, 1, 1, 1, 1, 1, 1, 1, 1, 1, 1, 1, 1, 1, 1, 1, 1,
        1, 1, 1, 1, 1, 1, 1, 1, 1, 1])",0,56
"There's Six Computer lab here, CL1, CL2, CL4, Mac Lab are located at ground floor, CL3 is located at second floor, CL5 is located at the fifth floor",where is computer laboratory,0,29,"tensor([  101,  1187,  1110,  2775,  8087,  1247,   112,   188,  4995,  6701,
         8074,  1303,   117,   140,  2162,  1475,   117,   140,  2162,  1477,
          117,   140,  2162,  1527,   117,  6603, 14470,  1132,  1388,  1120,
         1747,  1837,   117,   140,  2162,  1495,  1110,  1388,  1120,  1248,
         1837,   117,   140,  2162,  1571,  1110,  1388,  1120,  1103,  3049,
         1837,   102])","tensor([1, 1, 1, 1, 1, 1, 1, 1, 1, 1, 1, 1, 1, 1, 1, 1, 1, 1, 1, 1, 1, 1, 1, 1,
        1, 1, 1, 1, 1, 1, 1, 1, 1, 1, 1, 1, 1, 1, 1, 1, 1, 1, 1, 1, 1, 1, 1, 1,
        1, 1, 1, 1])",0,29
PT laboratory is located at ground floor,where is the PTlab located,0,24,"tensor([  101,  1187,  1110,  1103, 22216,  1742,  1830,  1388, 22216,  8087,
         1110,  1388,  1120,  1747,  1837,   102])","tensor([1, 1, 1, 1, 1, 1, 1, 1, 1, 1, 1, 1, 1, 1, 1, 1])",0,24
You can find the student pavillion at ground floor,where is the student pavillion located,0,34,"tensor([  101,  1187,  1110,  1103,  2377,   185, 21704,  6473,  1320,  1388,
         1192,  1169,  1525,  1103,  2377,   185, 21704,  6473,  1320,  1120,
         1747,  1837,   102])","tensor([1, 1, 1, 1, 1, 1, 1, 1, 1, 1, 1, 1, 1, 1, 1, 1, 1, 1, 1, 1, 1, 1, 1])",0,34
Orchestra/Choral Room is located on the ground floor.,Where is the Orchestra/Choral Room located?,0,32,"tensor([  101,  2777,  1110,  1103,  4590,   120, 22964,  4412,  7043,  1388,
          136,  4590,   120, 22964,  4412,  7043,  1110,  1388,  1113,  1103,
         1747,  1837,   119,   102])","tensor([1, 1, 1, 1, 1, 1, 1, 1, 1, 1, 1, 1, 1, 1, 1, 1, 1, 1, 1, 1, 1, 1, 1, 1])",0,32
You can find the Deans Offices on the second floor.,where are the Deans Office located,8,30,"tensor([ 101, 1187, 1132, 1103, 4285, 1116, 3060, 1388, 1192, 1169, 1525, 1103,
        4285, 1116, 3060, 1116, 1113, 1103, 1248, 1837,  119,  102])","tensor([1, 1, 1, 1, 1, 1, 1, 1, 1, 1, 1, 1, 1, 1, 1, 1, 1, 1, 1, 1, 1, 1])",8,30
You can find the CCS Coordinator's Room on the second floor.,Where is the CCS Coordinator's Room located?,8,39,"tensor([  101,  2777,  1110,  1103, 21362,  1708, 25561,   112,   188,  7043,
         1388,   136,  1192,  1169,  1525,  1103, 21362,  1708, 25561,   112,
          188,  7043,  1113,  1103,  1248,  1837,   119,   102])","tensor([1, 1, 1, 1, 1, 1, 1, 1, 1, 1, 1, 1, 1, 1, 1, 1, 1, 1, 1, 1, 1, 1, 1, 1,
        1, 1, 1, 1])",8,39
You can find the College Library on the second floor.,Where is the College Library located?,8,32,"tensor([ 101, 2777, 1110, 1103, 1531, 3371, 1388,  136, 1192, 1169, 1525, 1103,
        1531, 3371, 1113, 1103, 1248, 1837,  119,  102])","tensor([1, 1, 1, 1, 1, 1, 1, 1, 1, 1, 1, 1, 1, 1, 1, 1, 1, 1, 1, 1])",8,32
You can find the Clinic on the second floor.,Where is the Clinic located?,8,23,"tensor([  101,  2777,  1110,  1103, 18601,  1388,   136,  1192,  1169,  1525,
         1103, 18601,  1113,  1103,  1248,  1837,   119,   102])","tensor([1, 1, 1, 1, 1, 1, 1, 1, 1, 1, 1, 1, 1, 1, 1, 1, 1, 1])",8,23
You can find the IT Office on the second floor.,Where is the IT Office located?,8,26,"tensor([ 101, 2777, 1110, 1103, 9686, 3060, 1388,  136, 1192, 1169, 1525, 1103,
        9686, 3060, 1113, 1103, 1248, 1837,  119,  102])","tensor([1, 1, 1, 1, 1, 1, 1, 1, 1, 1, 1, 1, 1, 1, 1, 1, 1, 1, 1, 1])",8,26
You can find the Guidance Office on the second floor.,Where is the Guidance Office located?,8,32,"tensor([  101,  2777,  1110,  1103,   144, 16423,  3923,  3060,  1388,   136,
         1192,  1169,  1525,  1103,   144, 16423,  3923,  3060,  1113,  1103,
         1248,  1837,   119,   102])","tensor([1, 1, 1, 1, 1, 1, 1, 1, 1, 1, 1, 1, 1, 1, 1, 1, 1, 1, 1, 1, 1, 1, 1, 1])",8,32
You can find the Stock Room on the second floor.,Where is the Stock Room located?,8,27,"tensor([ 101, 2777, 1110, 1103, 9924, 7043, 1388,  136, 1192, 1169, 1525, 1103,
        9924, 7043, 1113, 1103, 1248, 1837,  119,  102])","tensor([1, 1, 1, 1, 1, 1, 1, 1, 1, 1, 1, 1, 1, 1, 1, 1, 1, 1, 1, 1])",8,27
"There's two Faculty Room here, one is located at third floor, second is located at fourth floor",Where is the Faculty Room located?,8,29,"tensor([ 101, 2777, 1110, 1103, 6694, 7043, 1388,  136, 1247,  112,  188, 1160,
        6694, 7043, 1303,  117, 1141, 1110, 1388, 1120, 1503, 1837,  117, 1248,
        1110, 1388, 1120, 2223, 1837,  102])","tensor([1, 1, 1, 1, 1, 1, 1, 1, 1, 1, 1, 1, 1, 1, 1, 1, 1, 1, 1, 1, 1, 1, 1, 1,
        1, 1, 1, 1, 1, 1])",8,29
"There's three Lecture Room here, one is located at third floor, second is located at fourth floor, third is located at fifth floor",Where is the Lecture Room located?,8,31,"tensor([  101,  2777,  1110,  1103, 22842,  7043,  1388,   136,  1247,   112,
          188,  1210, 22842,  7043,  1303,   117,  1141,  1110,  1388,  1120,
         1503,  1837,   117,  1248,  1110,  1388,  1120,  2223,  1837,   117,
         1503,  1110,  1388,  1120,  3049,  1837,   102])","tensor([1, 1, 1, 1, 1, 1, 1, 1, 1, 1, 1, 1, 1, 1, 1, 1, 1, 1, 1, 1, 1, 1, 1, 1,
        1, 1, 1, 1, 1, 1, 1, 1, 1, 1, 1, 1, 1])",8,31
You can find the CAS Coordinator's Room on the third floor.,Where is the CAS Coordinator's Room located?,8,39,"tensor([  101,  2777,  1110,  1103,  8784,  1708, 25561,   112,   188,  7043,
         1388,   136,  1192,  1169,  1525,  1103,  8784,  1708, 25561,   112,
          188,  7043,  1113,  1103,  1503,  1837,   119,   102])","tensor([1, 1, 1, 1, 1, 1, 1, 1, 1, 1, 1, 1, 1, 1, 1, 1, 1, 1, 1, 1, 1, 1, 1, 1,
        1, 1, 1, 1])",8,39
You can find the OPT Coordinator's Room/Faculty Room on the third floor.,Where is the OPT Coordinator's Room/Faculty Room located?,8,52,"tensor([  101,  2777,  1110,  1103,   152,  2101,  1942, 25561,   112,   188,
         7043,   120,  6694,  7043,  1388,   136,  1192,  1169,  1525,  1103,
          152,  2101,  1942, 25561,   112,   188,  7043,   120,  6694,  7043,
         1113,  1103,  1503,  1837,   119,   102])","tensor([1, 1, 1, 1, 1, 1, 1, 1, 1, 1, 1, 1, 1, 1, 1, 1, 1, 1, 1, 1, 1, 1, 1, 1,
        1, 1, 1, 1, 1, 1, 1, 1, 1, 1, 1, 1])",8,52
You can find the EdTech Laboratory on the fourth floor.,Where is the EdTech Laboratory located?,8,34,"tensor([  101,  2777,  1110,  1103,  5316,  1942, 11252,  8891,  1388,   136,
         1192,  1169,  1525,  1103,  5316,  1942, 11252,  8891,  1113,  1103,
         2223,  1837,   119,   102])","tensor([1, 1, 1, 1, 1, 1, 1, 1, 1, 1, 1, 1, 1, 1, 1, 1, 1, 1, 1, 1, 1, 1, 1, 1])",8,34
You can find the Psychology Coordinator's Room/Faculty Room on the fourth floor.,Where is the Psychology Coordinator's Room/Faculty Room located?,8,46,"tensor([  101,  2777,  1110,  1103, 11695, 25561,   112,   188,  7043,   120,
         6694,  7043,  1388,   136,  1192,  1169,  1525,  1103, 11695, 25561,
          112,   188,  7043,   120,  6694,  7043,  1113,  1103,  2223,  1837,
          119,   102])","tensor([1, 1, 1, 1, 1, 1, 1, 1, 1, 1, 1, 1, 1, 1, 1, 1, 1, 1, 1, 1, 1, 1, 1, 1,
        1, 1, 1, 1, 1, 1, 1, 1])",8,46
You can find the Psychology Laboratory on the fifth floor.,Where is the Psychology Laboratory located?,8,38,"tensor([  101,  2777,  1110,  1103, 11695,  8891,  1388,   136,  1192,  1169,
         1525,  1103, 11695,  8891,  1113,  1103,  3049,  1837,   119,   102])","tensor([1, 1, 1, 1, 1, 1, 1, 1, 1, 1, 1, 1, 1, 1, 1, 1, 1, 1, 1, 1])",8,38
You can find the Digital & Robotics Laboratory on the fifth floor.,Where is the Digital & Robotics Laboratory located?,8,46,"tensor([  101,  2777,  1110,  1103,  6082,   111, 20354,  4724,  8891,  1388,
          136,  1192,  1169,  1525,  1103,  6082,   111, 20354,  4724,  8891,
         1113,  1103,  3049,  1837,   119,   102])","tensor([1, 1, 1, 1, 1, 1, 1, 1, 1, 1, 1, 1, 1, 1, 1, 1, 1, 1, 1, 1, 1, 1, 1, 1,
        1, 1])",8,46
You can find the Chemistry Laboratory on the fifth floor.,Where is the Chemistry Laboratory located?,8,37,"tensor([  101,  2777,  1110,  1103, 10847,  8891,  1388,   136,  1192,  1169,
         1525,  1103, 10847,  8891,  1113,  1103,  3049,  1837,   119,   102])","tensor([1, 1, 1, 1, 1, 1, 1, 1, 1, 1, 1, 1, 1, 1, 1, 1, 1, 1, 1, 1])",8,37
The Dean Of College Of Computer Studies Is Raymond S. Macatangga,what is the name of college dean,43,64,"tensor([  101,  1184,  1110,  1103,  1271,  1104,  2134, 14445,  1109,  4285,
         2096,  1531,  2096,  6701,  3829,  2181,  7139,   156,   119,  6603,
         6575,  2118,  2571,   102])","tensor([1, 1, 1, 1, 1, 1, 1, 1, 1, 1, 1, 1, 1, 1, 1, 1, 1, 1, 1, 1, 1, 1, 1, 1])",43,64
The Practicum Coordinator Of College Of Computer Studies Is Abegail S. Comandao,What is the name of the Practicum Coordinator?,60,79,"tensor([  101,  1327,  1110,  1103,  1271,  1104,  1103,   153, 19366,  2941,
         1818, 25561,   136,  1109,   153, 19366,  2941,  1818, 25561,  2096,
         1531,  2096,  6701,  3829,  2181, 15849, 21347,  1233,   156,   119,
         3291, 20993,  9513,   102])","tensor([1, 1, 1, 1, 1, 1, 1, 1, 1, 1, 1, 1, 1, 1, 1, 1, 1, 1, 1, 1, 1, 1, 1, 1,
        1, 1, 1, 1, 1, 1, 1, 1, 1, 1])",60,79
The IT Program Head Of College Of Computer Studies Is Londren U. Velasco,What is the name of the IT Program Head?,54,72,"tensor([  101,  1327,  1110,  1103,  1271,  1104,  1103,  9686,  4659,  3763,
          136,  1109,  9686,  4659,  3763,  2096,  1531,  2096,  6701,  3829,
         2181, 10605,  3276,  5123,   158,   119,   159,  9945, 11428,   102])","tensor([1, 1, 1, 1, 1, 1, 1, 1, 1, 1, 1, 1, 1, 1, 1, 1, 1, 1, 1, 1, 1, 1, 1, 1,
        1, 1, 1, 1, 1, 1])",54,72
The College Secretary Of College Of Computer Studies Is Analyn Sabularse and Bea Mateo,What is the name of the College Secretary?,56,86,"tensor([  101,  1327,  1110,  1103,  1271,  1104,  1103,  1531,  2909,   136,
         1109,  1531,  2909,  2096,  1531,  2096,  6701,  3829,  2181,  9954,
         8068, 17784, 23601, 15955,  1105,  4108,  1161, 21131,   102])","tensor([1, 1, 1, 1, 1, 1, 1, 1, 1, 1, 1, 1, 1, 1, 1, 1, 1, 1, 1, 1, 1, 1, 1, 1,
        1, 1, 1, 1, 1])",56,86
Shiela S. Nape is one of the Professor's in Our Lady Of Fatima University College Of Computer Studies,Who is Shiela Nape,0,14,"tensor([  101,  2627,  1110, 14104,  9945, 11896,  3186, 14104,  9945,   156,
          119, 11896,  3186,  1110,  1141,  1104,  1103,  2986,   112,   188,
         1107,  3458,  2876,  2096, 13723,  8628,  1239,  1531,  2096,  6701,
         3829,   102])","tensor([1, 1, 1, 1, 1, 1, 1, 1, 1, 1, 1, 1, 1, 1, 1, 1, 1, 1, 1, 1, 1, 1, 1, 1,
        1, 1, 1, 1, 1, 1, 1, 1])",0,14
Copernicus P. Pepito is one of the Professor's in Our Lady Of Fatima University College Of Computer Studies,Who is Copernicus P. Pepito,0,20,"tensor([  101,  2627,  1110, 26673,  4558, 14191,   153,   119,   153,  8043,
         8383, 26673,  4558, 14191,   153,   119,   153,  8043,  8383,  1110,
         1141,  1104,  1103,  2986,   112,   188,  1107,  3458,  2876,  2096,
        13723,  8628,  1239,  1531,  2096,  6701,  3829,   102])","tensor([1, 1, 1, 1, 1, 1, 1, 1, 1, 1, 1, 1, 1, 1, 1, 1, 1, 1, 1, 1, 1, 1, 1, 1,
        1, 1, 1, 1, 1, 1, 1, 1, 1, 1, 1, 1, 1, 1])",0,20
Jeffrey G. Romano is one of the Professor's in Our Lady Of Fatima University College Of Computer Studies,Who is Jeffrey G. Romano,0,17,"tensor([  101,  2627,  1110, 10708,   144,   119, 24897, 10708,   144,   119,
        24897,  1110,  1141,  1104,  1103,  2986,   112,   188,  1107,  3458,
         2876,  2096, 13723,  8628,  1239,  1531,  2096,  6701,  3829,   102])","tensor([1, 1, 1, 1, 1, 1, 1, 1, 1, 1, 1, 1, 1, 1, 1, 1, 1, 1, 1, 1, 1, 1, 1, 1,
        1, 1, 1, 1, 1, 1])",0,17
Ricardo B. San Agustin is one of the Professor's in Our Lady Of Fatima University College Of Computer Studies,Who is Ricardo B. San Agustin,0,22,"tensor([  101,  2627,  1110, 13921,   139,   119,  1727,   138, 12909,  6105,
        13921,   139,   119,  1727,   138, 12909,  6105,  1110,  1141,  1104,
         1103,  2986,   112,   188,  1107,  3458,  2876,  2096, 13723,  8628,
         1239,  1531,  2096,  6701,  3829,   102])","tensor([1, 1, 1, 1, 1, 1, 1, 1, 1, 1, 1, 1, 1, 1, 1, 1, 1, 1, 1, 1, 1, 1, 1, 1,
        1, 1, 1, 1, 1, 1, 1, 1, 1, 1, 1, 1])",0,22
Walfredo G. Santos is one of the Professor's in Our Lady Of Fatima University College Of Computer Studies,Who is Walfredo G. Santos,0,18,"tensor([  101,  2627,  1110,   160,  1348, 23943,  1186,   144,   119, 11064,
          160,  1348, 23943,  1186,   144,   119, 11064,  1110,  1141,  1104,
         1103,  2986,   112,   188,  1107,  3458,  2876,  2096, 13723,  8628,
         1239,  1531,  2096,  6701,  3829,   102])","tensor([1, 1, 1, 1, 1, 1, 1, 1, 1, 1, 1, 1, 1, 1, 1, 1, 1, 1, 1, 1, 1, 1, 1, 1,
        1, 1, 1, 1, 1, 1, 1, 1, 1, 1, 1, 1])",0,18
Dave Justine V. Villaluz is one of the Professor's in Our Lady Of Fatima University College Of Computer Studies,Who is Dave Justine V. Villaluz,0,24,"tensor([  101,  2627,  1110,  4111,  6193,  1162,   159,   119,  8064,  7535,
         1584,  4111,  6193,  1162,   159,   119,  8064,  7535,  1584,  1110,
         1141,  1104,  1103,  2986,   112,   188,  1107,  3458,  2876,  2096,
        13723,  8628,  1239,  1531,  2096,  6701,  3829,   102])","tensor([1, 1, 1, 1, 1, 1, 1, 1, 1, 1, 1, 1, 1, 1, 1, 1, 1, 1, 1, 1, 1, 1, 1, 1,
        1, 1, 1, 1, 1, 1, 1, 1, 1, 1, 1, 1, 1, 1])",0,24
Bernard R. Ambito is one of the Professor's in Our Lady Of Fatima University College Of Computer Studies,Who is Bernard R. Ambito,0,17,"tensor([  101,  2627,  1110,  6190,   155,   119,  7277,  9208,  1186,  6190,
          155,   119,  7277,  9208,  1186,  1110,  1141,  1104,  1103,  2986,
          112,   188,  1107,  3458,  2876,  2096, 13723,  8628,  1239,  1531,
         2096,  6701,  3829,   102])","tensor([1, 1, 1, 1, 1, 1, 1, 1, 1, 1, 1, 1, 1, 1, 1, 1, 1, 1, 1, 1, 1, 1, 1, 1,
        1, 1, 1, 1, 1, 1, 1, 1, 1, 1])",0,17
Aileen Gail R. Angeles is one of the Professor's in Our Lady Of Fatima University College Of Computer Studies,Who is Aileen Gail R. Angeles,0,22,"tensor([  101,  2627,  1110, 19294, 21180, 20374,   155,   119,  2460, 19294,
        21180, 20374,   155,   119,  2460,  1110,  1141,  1104,  1103,  2986,
          112,   188,  1107,  3458,  2876,  2096, 13723,  8628,  1239,  1531,
         2096,  6701,  3829,   102])","tensor([1, 1, 1, 1, 1, 1, 1, 1, 1, 1, 1, 1, 1, 1, 1, 1, 1, 1, 1, 1, 1, 1, 1, 1,
        1, 1, 1, 1, 1, 1, 1, 1, 1, 1])",0,22
Mary Joyce R. Del Mundo is one of the Professor's in Our Lady Of Fatima University College Of Computer Studies,Who is Mary Joyce R. Del Mundo,0,23,"tensor([  101,  2627,  1110,  2090, 11882,   155,   119,  9352, 19569, 13645,
         2090, 11882,   155,   119,  9352, 19569, 13645,  1110,  1141,  1104,
         1103,  2986,   112,   188,  1107,  3458,  2876,  2096, 13723,  8628,
         1239,  1531,  2096,  6701,  3829,   102])","tensor([1, 1, 1, 1, 1, 1, 1, 1, 1, 1, 1, 1, 1, 1, 1, 1, 1, 1, 1, 1, 1, 1, 1, 1,
        1, 1, 1, 1, 1, 1, 1, 1, 1, 1, 1, 1])",0,23
Emil Karlo Flores is one of the Professor's in Our Lady Of Fatima University College Of Computer Studies,Who is Emil Karlo Flores,0,17,"tensor([  101,  2627,  1110, 17304,  5728,  1186, 18827, 17304,  5728,  1186,
        18827,  1110,  1141,  1104,  1103,  2986,   112,   188,  1107,  3458,
         2876,  2096, 13723,  8628,  1239,  1531,  2096,  6701,  3829,   102])","tensor([1, 1, 1, 1, 1, 1, 1, 1, 1, 1, 1, 1, 1, 1, 1, 1, 1, 1, 1, 1, 1, 1, 1, 1,
        1, 1, 1, 1, 1, 1])",0,17
Dittas A. Formoso is one of the Professor's in Our Lady Of Fatima University College Of Computer Studies,Who is Dittas A. Formoso,0,17,"tensor([  101,  2627,  1110, 12120,  5100,  1116,   138,   119, 15075, 22354,
        12120,  5100,  1116,   138,   119, 15075, 22354,  1110,  1141,  1104,
         1103,  2986,   112,   188,  1107,  3458,  2876,  2096, 13723,  8628,
         1239,  1531,  2096,  6701,  3829,   102])","tensor([1, 1, 1, 1, 1, 1, 1, 1, 1, 1, 1, 1, 1, 1, 1, 1, 1, 1, 1, 1, 1, 1, 1, 1,
        1, 1, 1, 1, 1, 1, 1, 1, 1, 1, 1, 1])",0,17
Marizkays P. Jamison is one of the Professor's in Our Lady Of Fatima University College Of Computer Studies,Who is Marizkays P. Jamison,0,20,"tensor([  101,  2627,  1110, 17978,  1584,  1968,  6834,   153,   119, 13263,
         7614, 17978,  1584,  1968,  6834,   153,   119, 13263,  7614,  1110,
         1141,  1104,  1103,  2986,   112,   188,  1107,  3458,  2876,  2096,
        13723,  8628,  1239,  1531,  2096,  6701,  3829,   102])","tensor([1, 1, 1, 1, 1, 1, 1, 1, 1, 1, 1, 1, 1, 1, 1, 1, 1, 1, 1, 1, 1, 1, 1, 1,
        1, 1, 1, 1, 1, 1, 1, 1, 1, 1, 1, 1, 1, 1])",0,20
Ferdinand G. Lucero is one of the Professor's in Our Lady Of Fatima University College Of Computer Studies,Who is Ferdinand G. Lucero,0,19,"tensor([  101,  2627,  1110,  9422,   144,   119, 22340,  2180,  9422,   144,
          119, 22340,  2180,  1110,  1141,  1104,  1103,  2986,   112,   188,
         1107,  3458,  2876,  2096, 13723,  8628,  1239,  1531,  2096,  6701,
         3829,   102])","tensor([1, 1, 1, 1, 1, 1, 1, 1, 1, 1, 1, 1, 1, 1, 1, 1, 1, 1, 1, 1, 1, 1, 1, 1,
        1, 1, 1, 1, 1, 1, 1, 1])",0,19
Ihan Marc Ryan Manota is one of the Professor's in Our Lady Of Fatima University College Of Computer Studies,Who is Ihan Marc Ryan Manota,0,21,"tensor([  101,  2627,  1110,   146,  3822,  7504,  3730,  2268, 16339,   146,
         3822,  7504,  3730,  2268, 16339,  1110,  1141,  1104,  1103,  2986,
          112,   188,  1107,  3458,  2876,  2096, 13723,  8628,  1239,  1531,
         2096,  6701,  3829,   102])","tensor([1, 1, 1, 1, 1, 1, 1, 1, 1, 1, 1, 1, 1, 1, 1, 1, 1, 1, 1, 1, 1, 1, 1, 1,
        1, 1, 1, 1, 1, 1, 1, 1, 1, 1])",0,21
Cris Mabel C. Montaos is one of the Professor's in Our Lady Of Fatima University College Of Computer Studies,Who is Cris Mabel C. Montaos,0,21,"tensor([  101,  2627,  1110,   140,  4889, 21264,   140,   119, 20018,  9513,
         1116,   140,  4889, 21264,   140,   119, 20018,  9513,  1116,  1110,
         1141,  1104,  1103,  2986,   112,   188,  1107,  3458,  2876,  2096,
        13723,  8628,  1239,  1531,  2096,  6701,  3829,   102])","tensor([1, 1, 1, 1, 1, 1, 1, 1, 1, 1, 1, 1, 1, 1, 1, 1, 1, 1, 1, 1, 1, 1, 1, 1,
        1, 1, 1, 1, 1, 1, 1, 1, 1, 1, 1, 1, 1, 1])",0,21
